,Fruit and vegetables,"Meat, poultry and fish",Grocery food,Non-alcoholic beverages,Restaurant meals and ready-to-eat food,Alcoholic beverages,Cigarettes and tobacco,Clothing,Footwear,Actual rentals for housing,Home ownership,Property maintenance,Property rates and related services,Household energy,"Furniture, furnishings and floor coverings",Household textiles,Household appliances,"Glassware, tableware and household utensils",Tools and equipment for house and garden,Other household supplies and services,"Medical products, appliances and equipment",Out-patient services,Hospital services,Purchase of vehicles,Private transport supplies and services,Passenger transport services,Postal services,Telecommunication equipment,Telecommunication services,Audio-visual and computing equipment,Major recreational and cultural equipment,Other recreational equipment and supplies,Recreational and cultural services,"Newspapers, books and stationery",Accommodation services,Early childhood education,Primary and secondary education,Tertiary and other post school education,Other educational fees,Personal care,Personal effects,Insurance,Credit services,Other miscellaneous services
1989Q1,..,514.583835,..,..,..,524.841469,117.319727,..,1070.836794,..,308.881392,..,..,297.38169,..,806.093183,..,908.709154,..,..,..,..,..,1095.413646,..,822.521623,474.54188,..,..,..,..,..,..,360.899778,..,561.256121,..,..,..,..,..,..,1342.148596,..
1989Q2,..,527.110218,..,..,..,526.915942,127.350781,..,1082.615999,..,313.116788,..,..,300.066178,..,814.960208,..,905.018964,..,..,..,..,..,1054.159217,..,824.924316,474.54188,..,..,..,..,..,..,364.112536,..,567.917914,..,..,..,..,..,..,1350.14551,..
1989Q3,..,580.723139,..,..,..,551.809608,134.001807,..,1104.032734,..,318.864826,..,..,306.926538,..,830.275979,..,897.638585,..,..,..,..,..,1056.330502,..,844.145853,493.267303,..,..,..,..,..,..,385.173947,..,585.682698,..,..,..,..,..,..,1352.811147,..
1989Q4,..,622.310733,..,..,..,561.144733,137.599902,..,1122.23696,..,324.612863,..,..,307.224815,..,842.367376,..,929.927743,..,..,..,..,..,1057.416145,..,855.358417,547.929782,..,..,..,..,..,..,391.242489,..,593.45479,..,..,..,..,..,..,1351.478328,..
1990Q1,..,616.298068,..,..,..,568.924004,139.344434,..,1125.449471,..,332.781127,..,..,308.417921,..,842.367376,..,933.617932,..,..,..,..,..,1066.101288,..,856.159314,514.218327,..,..,..,..,..,..,395.169194,..,599.561434,..,..,..,..,..,..,1388.797256,..
1990Q2,..,618.803345,..,..,..,575.147421,142.94253,..,1134.016165,..,338.529165,..,..,310.20758,..,850.428308,..,926.237553,..,..,..,..,..,1045.474073,..,882.588928,515.594499,..,..,..,..,..,..,399.809843,..,632.870404,..,..,..,..,..,..,1410.122358,..
1990Q3,..,626.319175,..,..,..,582.408073,144.578028,..,1126.520307,..,343.672146,..,..,311.997239,..,860.907519,..,918.857175,..,..,..,..,..,1016.161716,..,904.213158,515.594499,..,..,..,..,..,..,406.235358,..,633.980702,..,..,..,..,..,..,1435.445916,..
1990Q4,..,626.319175,..,..,..,580.333601,148.176123,..,1134.016165,..,344.277203,..,..,320.050705,..,873.805011,..,935.463027,..,..,..,..,..,1009.647859,..,928.24008,515.594499,..,..,..,..,..,..,413.731793,..,637.311599,..,..,..,..,..,..,1442.110011,..
1991Q1,..,622.811788,..,..,..,588.112872,149.920655,..,1134.016165,..,346.092373,..,..,327.805895,..,885.896409,..,941.920859,..,..,..,..,..,996.620145,..,941.855335,515.594499,..,..,..,..,..,..,416.587578,..,643.418244,..,..,..,..,..,..,1444.775648,..
1991Q2,..,617.801234,..,..,..,588.63149,153.736817,..,1146.866206,..,345.789844,..,..,330.490383,..,896.37562,..,929.005196,..,..,..,..,..,987.935002,..,963.479565,515.594499,..,..,..,..,..,..,428.724663,..,651.745486,..,..,..,..,..,..,1410.122358,..
1991Q3,..,616.298068,..,..,..,597.447997,170.636963,..,1146.866206,..,342.764561,..,..,331.385213,..,906.854831,..,910.554249,..,..,..,..,..,985.763716,..,969.886744,535.254769,..,..,..,..,..,..,433.722285,..,657.85213,..,..,..,..,..,..,1347.479871,..
1991Q4,..,609.283293,..,..,..,600.041087,178.814454,..,1153.291227,..,342.764561,..,..,336.455914,..,905.242645,..,953.913975,..,..,..,..,..,1009.647859,..,956.271488,535.254769,..,..,..,..,..,..,447.287262,..,661.183026,..,..,..,..,..,..,1283.504566,..
1992Q1,..,609.283293,..,..,..,599.522469,178.923487,..,1138.299512,..,341.856976,..,..,343.316274,..,901.212179,..,982.512943,..,..,..,..,..,1035.703288,..,977.895718,535.254769,..,..,..,..,..,..,440.147801,..,659.517578,..,..,..,..,..,..,1234.190268,..
1992Q2,..,608.782238,..,..,..,599.003851,179.250586,..,1156.503737,..,343.672146,..,..,344.211103,..,904.436552,..,992.660964,..,..,..,..,..,1038.960217,..,984.302897,535.254769,..,..,..,..,..,..,451.213966,..,663.958773,..,..,..,..,..,..,1203.535434,..
1992Q3,..,621.809677,..,..,..,598.485233,180.558985,..,1156.503737,..,343.369617,..,..,346.299039,..,903.630458,..,1012.957006,..,..,..,..,..,1069.358217,..,950.665207,535.254769,..,..,..,..,..,..,459.424347,..,665.069073,..,..,..,..,..,..,1159.552412,..
1992Q4,..,642.352946,..,..,..,605.227268,180.995117,..,1165.070432,..,347.907542,..,..,348.088698,..,904.436552,..,1012.957006,..,..,..,..,..,1094.328002,..,926.638285,562.222984,..,..,..,..,..,..,461.209212,..,674.506614,..,..,..,..,..,..,1132.896034,..
1993Q1,..,642.352946,..,..,..,607.820358,182.194483,..,1143.653696,..,350.02524,..,..,350.47491,..,898.793899,..,1007.421721,..,..,..,..,..,1122.554717,..,913.023029,562.222984,..,..,..,..,..,..,450.143047,..,676.727212,..,..,..,..,..,..,1120.900665,..
1993Q2,..,640.84978,..,..,..,608.857594,182.630616,..,1169.353779,..,354.563165,..,..,364.493907,..,910.885297,..,995.428606,..,..,..,..,..,1147.524502,..,936.249054,562.222984,..,..,..,..,..,..,461.923158,..,677.837511,..,..,..,..,..,..,1135.561672,..
1993Q3,..,650.369832,..,..,..,611.450684,183.720948,..,1147.937044,..,359.101089,..,..,371.95082,..,915.721856,..,999.118795,..,..,..,..,..,1150.781431,..,937.04995,562.222984,..,..,..,..,..,..,465.849862,..,681.168408,..,..,..,..,..,..,1130.230397,..
1993Q4,..,648.866665,..,..,..,614.043775,183.720948,..,1155.432901,..,365.454183,529.281258,..,374.635308,..,910.885297,..,990.815869,..,..,..,..,..,1175.751217,..,945.058925,562.797179,..,..,..,..,..,..,467.634728,..,689.495649,314.908084,244.059441,..,..,..,..,1104.906839,..
1994Q1,..,637.187066,..,..,..,615.271862,183.537227,..,1140.412273,..,370.935996,530.869102,..,379.505567,..,909.974411,..,966.045473,..,..,..,..,..,1196.914738,..,916.707157,562.797179,..,..,..,..,..,..,451.267512,..,694.32212,319.316797,299.216874,..,..,..,..,1087.228329,..
1994Q2,..,626.805199,..,..,..,620.184212,183.537227,..,1153.122035,..,376.783263,533.515508,..,387.372909,..,909.063526,..,986.852605,..,..,..,..,..,1202.793494,..,958.28975,562.797179,..,..,..,..,..,..,465.296553,..,699.838085,320.891337,299.216874,..,..,..,..,1060.710565,..
1994Q3,..,621.614266,..,..,..,622.026343,183.720948,..,1145.034005,..,392.863247,533.515508,..,391.868532,..,913.617952,..,969.01792,..,..,..,..,..,1192.211733,..,968.685398,562.797179,..,..,..,..,..,..,466.231823,..,704.664554,321.206245,299.216874,..,..,..,..,1118.16572,..
1994Q4,..,622.911999,..,..,..,626.938694,184.27211,..,1172.764395,..,403.826872,535.103352,..,392.992438,..,915.439724,..,970.008736,..,..,..,..,..,1196.914738,..,979.081046,562.797179,..,..,..,..,..,..,474.649249,..,704.664554,321.521153,299.216874,..,..,..,..,1206.558268,..
1995Q1,..,605.392599,..,..,..,630.622956,186.10932,..,1146.189437,..,414.790498,536.691195,..,394.490979,..,909.063526,..,967.036289,..,..,..,..,..,1216.902509,..,956.399632,562.797179,..,..,..,..,..,..,465.764189,..,710.18052,337.581465,318.741629,..,..,..,..,1342.461809,..
1995Q2,..,597.606199,..,..,..,640.447657,187.027925,..,1154.277468,..,418.44504,541.984008,..,403.856862,..,904.5091,..,941.275076,..,..,..,..,..,1215.726758,..,997.037166,562.797179,..,..,..,..,..,..,476.987422,..,722.591441,338.841098,318.741629,..,..,..,..,1406.546405,..
1995Q3,..,582.682266,..,..,..,644.131919,189.600018,..,1149.655736,..,424.292307,544.630414,..,412.848109,..,909.063526,..,939.293444,..,..,..,..,..,1214.551007,..,1018.773521,562.797179,..,..,..,..,..,..,490.081194,..,731.554884,339.785822,318.741629,..,..,..,..,1391.07771,..
1995Q4,..,594.361866,..,..,..,650.886401,190.334902,..,1141.567706,..,430.505028,546.218258,..,414.346651,..,883.558738,..,940.28426,..,..,..,..,..,1222.781266,..,998.927284,540.285292,..,..,..,..,..,..,505.51314,..,726.038919,340.415638,318.741629,..,..,..,..,1394.39243,..
1996Q1,..,585.926599,..,..,..,652.114489,199.520949,..,1114.992749,..,438.910474,546.747539,..,419.21691,..,881.736967,..,943.256707,..,..,..,..,..,1222.781266,..,954.509514,540.285292,..,..,..,..,..,..,496.62808,..,741.897319,360.254848,371.214409,..,..,..,..,1371.189386,..
1996Q2,..,585.277732,..,..,..,653.342576,201.174437,..,1125.391646,..,449.508645,549.393946,..,427.833522,..,910.885297,..,929.385286,..,..,..,..,..,1211.023753,..,977.190928,540.285292,..,..,..,..,..,..,518.139278,..,741.897319,361.51448,371.214409,..,..,..,..,1385.553175,..
1996Q3,..,593.712999,..,..,..,663.167276,202.644205,..,1104.593853,..,449.8741,548.864664,..,431.95451,..,897.222018,..,926.412837,..,..,..,..,..,1194.563236,..,956.399632,540.285292,..,..,..,..,..,..,523.750895,..,749.481771,362.459204,371.214409,..,..,..,..,1435.273983,..
1996Q4,..,598.903932,..,..,..,666.851539,204.297694,..,1120.769914,..,451.701371,547.276821,..,434.202322,..,917.261494,..,962.082209,..,..,..,..,..,1160.466451,..,997.037166,540.285292,..,..,..,..,..,..,523.750895,..,746.034293,364.348653,371.214409,..,..,..,..,1448.532865,..
1997Q1,..,604.094866,..,..,..,668.693671,208.523275,..,1091.884092,..,452.797733,546.218258,..,438.323311,..,915.439724,..,970.999551,..,..,..,..,..,1148.708938,..,953.564455,540.285292,..,..,..,..,..,..,498.498619,..,760.513701,387.336943,425.151546,..,..,..,..,1370.08448,..
1997Q2,..,600.850533,..,..,..,672.377934,208.706996,..,1099.972122,..,457.548638,546.747539,..,447.314558,..,894.489362,..,968.027104,..,..,..,..,..,1091.097129,..,970.575516,540.285292,..,..,..,..,..,..,519.542182,..,777.751092,388.596575,425.151546,..,..,..,..,1339.147088,..
1997Q3,..,606.690332,..,..,..,683.430721,211.646532,..,1095.350391,..,464.126813,550.452508,..,452.184817,..,896.311132,..,972.981184,..,..,..,..,..,1058.176095,..,983.806341,540.285292,..,..,..,..,..,..,525.621434,..,776.372101,388.911483,425.151546,..,..,..,..,1317.048952,..
1997Q4,..,607.339199,..,..,..,682.202634,213.851183,..,1090.728658,..,470.339534,552.040352,..,451.810182,..,896.311132,..,989.825053,..,..,..,..,..,1089.921378,..,992.311871,540.285292,..,..,..,..,..,..,533.571224,..,781.888067,389.226391,425.151546,..,..,..,..,1329.202927,..
1998Q1,..,611.881266,..,..,..,682.202634,216.423276,..,1071.086299,..,472.532259,552.569633,..,458.928252,..,894.489362,..,968.027104,..,..,..,..,..,1095.800134,..,952.619396,540.285292,..,..,..,..,..,..,515.801104,..,793.609493,402.137623,462.248581,..,..,..,..,1322.573485,..
1998Q2,..,622.911999,..,..,..,682.202634,225.609324,..,1074.552598,..,478.014072,553.628196,..,462.674606,..,898.132903,..,988.834238,..,..,..,..,..,1086.394124,..,963.015044,540.285292,..,..,..,..,..,..,534.506493,..,795.67798,409.695417,462.248581,..,..,..,..,1353.510876,..
1998Q3,..,638.484799,..,..,..,688.343071,243.062814,..,1071.086299,..,469.243171,555.21604,..,464.922417,..,931.835659,..,1002.705659,..,..,..,..,..,1064.054851,..,943.168807,540.285292,..,..,..,..,..,..,550.406074,..,812.915371,410.010325,462.248581,..,..,..,..,1349.091249,..
1998Q4,..,643.026866,..,..,..,688.957115,244.165139,..,1074.552598,..,461.568633,555.745321,..,457.055076,..,950.053365,..,1029.457688,..,..,..,..,..,1045.242832,..,970.575516,540.285292,..,..,..,..,..,..,554.147152,..,818.431336,408.750692,462.248581,..,..,..,..,1208.768081,..
1999Q1,..,637.187066,..,..,..,690.185202,247.104674,..,1076.863464,..,454.990458,559.979571,..,456.305805,..,938.211856,..,1038.375031,..,..,..,..,..,1059.351846,..,962.069985,540.285292,..,..,..,..,..,..,536.844667,..,823.947301,421.032108,531.561462,..,..,..,..,1122.585347,..
1999Q2,592.010478,638.484799,711.87801,694.70405,617.384844,694.483509,247.104674,954.319762,1101.127554,763.823065,456.08682,566.330946,384.746727,471.665853,913.617886,973.736382,1062.105263,1037.384215,837.789661,871.497585,806.483301,540.935673,535.551207,1019.376305,516.042781,996.092107,540.285292,27056.27706,1419.312169,6110.655738,713.45995,896.551724,643.026005,565.370385,658.146965,825.326293,420.402291,531.561462,..,787.626962,657.875458,556.318681,1092.752863,433.628319
1999Q3,551.40799,645.508132,712.680578,694.70405,618.870728,697.261443,247.104674,956.305859,1095.621917,769.352291,457.455081,566.330946,404.097894,477.325844,915.650407,982.50001,1057.894737,1036.346831,840.463458,872.463768,821.218075,546.783626,535.551207,1001.027531,558.823529,984.139001,540.285292,27245.671,1310.846561,6000,715.937242,895.619758,649.330181,569.893348,658.945687,836.880861,419.561487,531.561462,..,789.473684,647.619048,560.43956,1096.031122,434.309054
1999Q4,518.664047,654.446919,712.680578,696.261682,621.842496,697.955927,248.340198,959.285005,1091.217406,769.352291,460.191602,568.59627,405.236198,471.194187,915.650407,978.605064,1048.421053,1048.795442,823.529412,878.26087,821.218075,549.707602,537.508154,1008.163165,581.105169,999.080383,572.162124,27976.19048,1298.941799,5938.52459,733.278282,895.619758,647.754137,566.501126,668.530351,857.514018,417.459475,531.561462,..,787.626962,655.677656,559.065934,1061.06303,435.670524
2000Q1,559.266536,655.723888,718.298555,698.598131,624.814264,701.428344,252.046768,955.31281,1072.498239,770.14218,463.38421,573.693248,405.80535,472.609185,921.747967,975.683855,1052.631579,1046.720673,825.311943,868.599034,814.341847,554.093567,537.508154,1022.434434,597.14795,938.318764,570.000983,26379.87013,1283.068783,5901.639344,741.535921,902.143523,653.270292,551.801496,679.71246,866.592608,438.059187,587.375415,..,795.01385,658.608059,567.994505,1061.06303,441.116406
2000Q2,550.753111,660.831767,713.483146,693.146417,627.786033,704.900762,271.568037,959.285005,1101.127554,768.562401,467.945078,577.091234,405.80535,473.080851,925.813008,984.447482,1046.315789,1044.645904,838.680927,868.599034,814.341847,561.403509,537.508154,1003.066284,614.081996,980.154632,570.000983,26244.58875,1277.777778,5836.065574,736.581338,893.755825,654.846336,569.893348,663.738019,871.544565,438.059187,587.375415,..,793.167128,657.875458,583.791209,1078.547075,439.754935
2000Q3,561.886051,680.624796,718.298555,686.137072,634.472511,713.929047,299.73797,956.305859,1083.509514,768.562401,469.769426,583.320874,416.619237,476.854178,926.829268,998.079792,1041.052632,1029.085141,838.680927,877.294686,818.27112,567.251462,540.117417,1014.279423,665.775401,963.221067,570.000983,24945.88744,1271.164021,5848.360656,752.270851,903.075489,660.36249,574.416311,658.945687,876.496523,438.059187,587.375415,..,801.477378,657.142857,585.164835,1084.01084,443.158611
2000Q4,593.320236,697.225401,722.311396,686.137072,639.673105,716.706982,303.197436,967.229394,1092.318534,767.772512,473.874206,587.851522,424.587365,477.325844,966.463415,1019.501992,1067.368421,1045.683289,850.26738,894.68599,828.094303,573.830409,543.378995,1023.45381,672.01426,1009.041304,574.323266,24025.97402,1269.84127,5938.52459,767.960363,905.871389,661.938534,590.246682,668.530351,878.972502,440.161199,587.375415,..,819.021237,669.59707,585.851648,1084.01084,440.435671
2001Q1,648.984938,713.18752,735.152488,690.809969,644.8737,719.484915,310.857681,969.215492,1089.015151,696.682464,476.610728,597.479148,424.587365,478.740841,972.560976,1047.740347,1075.789474,1046.720673,880.57041,904.347826,832.023576,576.754386,543.378995,1041.802584,634.581105,977.166357,611.602951,24215.36796,1257.936508,5823.770492,772.089182,911.463187,665.090623,580.635386,682.108626,895.479028,447.308038,586.843854,..,825.484765,677.655678,600.961538,1056.692018,441.797141
2001Q2,629.993451,732.342064,743.17817,696.261682,649.331352,722.957333,310.857681,976.166832,1107.73432,695.102686,477.522901,603.142457,424.587365,477.325844,980.691057,1059.425184,1080,1050.87021,882.352941,904.347826,826.129666,585.526316,544.031311,1040.783207,662.210339,1028.963146,611.602951,24675.32468,1255.291005,5770.491803,772.089182,915.191053,666.666667,602.684831,661.341853,911.985554,447.308038,586.843854,..,838.411819,677.655678,605.769231,1004.239881,443.158611
2001Q3,639.816634,762.989335,756.82183,694.70405,656.760773,739.624937,310.857681,976.166832,1106.633193,695.102686,478.891162,607.106774,435.970404,477.797509,987.804878,1057.477711,1097.894737,1046.720673,893.048128,913.043478,830.058939,590.643275,545.335943,1051.996347,647.058824,1005.056936,611.602951,24404.76191,1265.873016,5750,777.869529,924.510718,678.486998,609.469275,662.939297,918.588163,455.295682,586.843854,..,837.488458,679.85348,612.637363,1000.961623,445.881552
2001Q4,616.895874,794.913575,772.070626,707.943925,664.190193,741.708388,313.328727,983.118173,1129.756871,697.472354,482.083769,608.239436,439.954468,476.854178,991.869919,1062.346393,1092.631579,1067.468358,880.57041,911.111111,840.86444,600.877193,543.378995,1065.248238,611.4082,1057.849818,611.602951,25487.01299,1260.582011,5778.688525,769.611891,939.422181,682.427108,608.338535,682.907348,927.666753,456.556888,586.843854,..,844.875346,696.703297,615.384615,992.2196,448.604493
2002Q1,637.197119,799.382968,778.491172,714.174455,672.362556,745.875289,319.753449,979.145978,1112.13883,702.21169,488.925072,611.07109,439.954468,490.532487,985.772358,1057.477711,1088.421053,1042.571136,881.461676,912.077295,848.722986,611.111111,549.902153,1084.616389,611.4082,1011.033489,611.602951,25757.57576,1275.132275,5692.622951,777.869529,936.626281,688.731284,600.423349,690.095847,941.6973,483.462635,589.501661,..,845.798707,697.435897,621.565934,994.405105,454.050374
2002Q2,616.895874,791.721151,776.083467,718.068536,678.306092,754.209091,320.000553,987.090367,1149.577167,706.161137,491.661593,616.7344,439.954468,499.022472,1014.227642,1051.635293,1094.736842,1043.60852,885.918004,921.73913,854.616896,625,556.42531,1083.597012,649.73262,1067.810738,613.223807,26461.03896,1287.037037,5639.344262,780.346821,940.354147,695.035461,623.603535,676.517572,953.251868,487.666658,589.501661,..,855.032318,706.227106,612.637363,1004.239881,462.219197
2002Q3,643.091028,777.036,771.268058,726.635514,681.27786,767.404278,320.000553,984.111221,1139.667019,711.690363,494.854201,621.265047,451.906659,506.097461,1016.260163,1008.790892,1112.631579,1034.272062,898.395722,933.333333,860.510806,636.695906,561.643836,1064.228862,649.73262,1049.881081,613.223807,26461.03896,1285.714286,5622.95082,795.21057,958.06151,702.915682,628.691868,676.517572,954.902521,487.666658,589.501661,..,859.649123,707.692308,618.818681,1023.909432,466.984343
2002Q4,635.232482,777.036,774.478331,720.404984,686.478455,768.793244,323.460019,990.069513,1140.768147,716.4297,503.51985,625.229364,458.167331,511.285785,1004.065041,1003.92221,1086.315789,1039.458983,889.483066,918.84058,868.369352,639.619883,566.862361,1056.073852,651.515152,1105.662238,613.223807,26244.58875,1293.650794,5471.311475,802.642444,962.721342,710.00788,633.214832,704.472843,957.378499,487.666658,589.501661,..,869.806094,712.820513,631.868132,1010.796398,474.47243
2003Q1,641.78127,769.374182,773.675762,722.741433,690.936107,768.098761,332.602892,985.10427,1126.453489,721.958926,510.817239,626.362026,459.305635,513.644114,1006.097561,1000.027265,1070.526316,1046.720673,890.374332,916.908213,873.280943,644.736842,570.12394,1065.248238,677.361854,1051.873265,613.223807,25568.18182,1302.910053,5303.278689,806.771263,950.605778,714.736013,640.564647,734.025559,969.758393,512.890795,588.9701,..,871.652816,709.89011,638.736264,974.735554,484.683458
2003Q2,635.232482,755.966002,774.478331,733.64486,692.421991,770.876695,332.602892,986.097319,1122.048978,729.06793,519.938976,634.290659,459.305635,523.549097,1010.162602,999.053528,1056.842105,1043.60852,897.504456,939.130435,876.227898,649.122807,575.994781,1041.802584,641.71123,1049.881081,613.223807,24242.42424,1302.910053,5237.704918,806.771263,957.129543,721.040189,654.133536,707.667732,978.836983,512.890795,588.9701,..,883.65651,709.157509,640.10989,1010.796398,492.85228
2003Q3,626.064178,747.027215,785.714286,739.875389,695.393759,784.766365,332.355787,980.139027,1098.9253,735.387046,529.060712,638.254976,494.023904,538.642404,1001.01626,1000.027265,1057.894737,1024.935604,891.265597,944.927536,879.174853,651.315789,587.084149,1013.260047,663.99287,963.221067,613.223807,23295.45455,1302.910053,5086.065574,805.119736,958.993476,725.768322,658.091129,708.466454,991.216877,513.311198,588.9701,..,888.273315,708.424908,644.230769,1022.81668,505.105514
2003Q4,637.197119,748.942669,781.701445,729.750779,699.10847,789.62775,334.826834,983.118173,1107.73432,738.546603,546.392012,641.652961,507.1144,557.980704,1007.113821,998.079792,1053.684211,1034.272062,885.918004,946.859903,889.980354,658.625731,589.693412,1007.143789,657.754011,981.150724,613.223807,23160.17316,1302.910053,4971.311475,801.81668,952.469711,731.284476,663.179462,735.623003,995.34351,513.311198,588.9701,..,886.426593,699.6337,649.725275,1022.81668,520.762423
2004Q1,647.67518,745.750245,780.898876,739.096573,703.566122,790.322233,341.992869,980.139027,1098.9253,748.815166,555.057661,642.785624,507.683552,562.225697,991.869919,988.342428,1040,1018.711299,884.135472,949.758454,949.901768,667.397661,589.693412,997.969402,681.818182,906.443817,613.223807,22321.42857,1304.232804,4840.163934,800.165153,951.537745,737.588652,669.398536,760.383387,1025.055256,534.751715,610.232558,..,890.120037,705.494505,660.027473,965.993531,542.54595
2004Q2,641.126392,746.38873,784.911717,747.663551,708.766716,796.572585,341.745765,983.118173,1093.419661,752.764613,565.547658,650.714256,507.683552,576.847338,1006.097561,991.263637,1040,1008.337457,882.352941,943.961353,944.990177,674.707602,592.95499,1000.008155,711.229947,901.463356,654.825774,20860.38961,1305.555556,4709.016393,803.468208,950.605778,736.80063,672.225388,730.031949,1028.35656,534.751715,610.232558,..,895.660203,709.157509,658.653846,1018.445669,561.606535
2004Q3,635.232482,740.003882,784.109149,746.105919,712.481426,820.879508,342.239974,980.139027,1079.105003,756.71406,576.493741,655.811235,522.481503,584.393992,1008.130081,983.473746,1036.842105,1001.075767,872.54902,940.096618,944.007859,679.093567,602.08741,976.5625,709.447415,942.303132,654.825774,20102.81386,1296.296296,4631.147541,807.597027,937.558248,744.680851,678.444462,735.623003,1044.863087,534.751715,610.232558,..,897.506925,703.296703,660.714286,1020.631174,573.859769
2004Q4,618.205632,768.735698,786.516854,742.990654,717.682021,819.490541,346.440754,987.090367,1074.700494,759.873618,586.527651,660.908213,526.465566,607.033953,1013.211382,983.473746,1044.210526,1010.412226,873.440285,954.589372,954.81336,682.748538,610.567515,969.426866,712.121212,1010.037397,654.825774,18912.33767,1296.296296,4561.47541,817.506193,934.762349,750.985028,682.402055,770.766773,1053.116349,534.751715,610.232558,..,900.277008,698.168498,660.027473,972.550048,577.94418
2005Q1,625.409299,773.205092,793.739968,747.663551,721.396731,824.351925,355.336522,984.111221,1047.172304,766.192733,595.193301,667.137854,526.465566,615.052272,1018.292683,973.736382,1046.315789,987.589772,877.005348,955.555556,959.724951,693.71345,611.872146,998.988778,715.686275,912.42037,654.825774,17180.73593,1283.068783,4561.47541,819.983485,933.830382,759.65327,685.794277,797.124601,1075.400159,578.053151,635.215947,..,910.43398,695.970696,663.461538,1008.610892,592.239619
2005Q2,622.789784,759.158426,796.147673,753.894081,724.368499,829.21331,355.583627,987.090367,1061.486962,770.14218,608.419819,675.632819,525.896414,624.485589,1023.373984,981.526273,1076.842105,982.402851,885.918004,963.285024,956.777996,700.292398,619.047619,995.930649,744.206774,918.396923,654.825774,16287.87879,1283.068783,4413.934426,820.809249,933.830382,758.077226,689.75187,763.578275,1094.382664,578.473553,635.215947,..,910.43398,700.3663,677.884615,1026.094939,631.72226
2005Q3,605.108055,772.566606,796.950241,764.797508,729.569094,833.380211,355.583627,983.118173,1066.9926,777.251185,614.348948,682.42879,554.923164,630.617245,1016.260163,975.683855,1064.210526,988.627157,882.352941,969.082126,970.530452,709.064327,637.312459,979.620629,804.812834,939.314856,654.825774,13852.81386,1287.037037,4311.47541,808.422791,934.762349,767.533491,697.667056,777.15655,1107.587885,578.893955,635.215947,..,913.204063,698.168498,677.197802,1051.228254,649.421375
2005Q4,600.523903,794.913575,796.950241,766.35514,734.026746,833.380211,358.548883,988.083416,1066.9926,778.830964,623.926771,690.923754,569.151964,633.447241,1017.276423,979.578801,1066.315789,1015.599147,880.57041,962.318841,984.282908,711.988304,645.140248,966.368737,793.226381,1017.010041,654.825774,12716.45021,1288.359788,4209.016393,811.725846,928.238583,769.897557,717.455019,810.702875,1086.954727,580.155162,635.215947,..,911.357341,701.831502,678.571429,1067.619547,660.313138
2006Q1,613.62148,793.636605,805.778491,777.258567,738.484398,834.769178,366.209128,987.090367,1051.576815,781.990521,630.311986,697.153394,569.151964,644.295555,1014.227642,960.104073,1049.473684,996.926231,887.700535,967.149758,992.141454,720.760234,649.706458,965.34936,819.073084,947.283593,664.010624,12256.49351,1297.619048,4122.95082,832.369942,930.102516,774.62569,720.847241,832.268371,1096.033317,614.62815,664.451827,..,914.127424,711.355311,684.065934,1075.268817,674.608577
2006Q2,654.878847,776.397516,802.568218,778.816199,742.942051,839.630563,366.703337,993.048659,1041.666667,789.889415,638.977636,706.214689,569.151964,662.690524,1016.260163,972.762646,1052.631579,999.000999,891.265597,966.183575,982.318271,730.994152,652.315721,976.5625,891.265597,998.084291,664.010624,11904.76191,1322.751323,4098.360656,825.763832,931.966449,788.022065,722.543353,798.722045,1127.395716,614.62815,664.451827,..,923.361034,732.600733,686.813187,1075.268817,680.735194
2006Q3,740.667976,782.608696,800.963082,781.152648,751.114413,858.942065,366.703337,988.083416,1027.083333,792.259084,652.396166,717.514124,607.854297,673.956262,1041.666667,960.116732,1047.368421,1007.992008,894.83066,973.913043,982.318271,717.836257,673.84214,940.429688,885.918004,1014.05364,664.010624,11452.38095,1322.751323,3971.311475,830.718415,928.238583,788.022065,740.606936,805.910543,1138.669673,614.62815,664.451827,..,926.131117,750.915751,690.934066,1075.268817,690.265487
2006Q4,727.570399,812.888199,800.963082,776.479751,756.315007,860.621327,371.103777,993.048659,1027.083333,797.78831,658.785942,723.163842,613.545817,682.571239,1032.520325,953.307393,1055.789474,1003.996004,894.83066,987.439614,956.777996,722.953216,687.54077,949.21875,802.139037,1069.946359,673.306773,10928.57143,1322.751323,3868.852459,834.847234,943.150047,793.538219,753.612717,835.463259,1129.650507,614.62815,664.451827,..,929.824561,761.172161,691.620879,1068.817204,699.115044
2007Q1,718.402096,830.745342,808.988764,799.065421,763.744428,861.460957,381.37147,989.076465,1011.458333,805.687204,667.092652,733.757062,613.545817,691.186216,1020.325203,958.171206,1052.631579,966.033966,898.395722,971.014493,964.636542,732.45614,690.150033,953.125,808.377897,1025.032567,674.634794,10250,1328.042328,3709.016393,841.453344,936.626281,800.630418,738.439306,853.035144,1139.797069,658.881377,675.747508,..,933.518006,782.417582,694.368132,1062.365591,716.133424
2007Q2,715.78258,846.273292,807.383628,805.29595,771.173848,865.65911,381.738174,997.020854,1022.916667,810.42654,677.955272,742.231638,614.114969,709.07886,1038.617886,951.361868,1055.789474,990.00999,907.308378,986.47343,970.530452,750.730994,696.020874,958.984375,846.702317,1013.055555,682.602922,9559.52381,1337.301587,3586.065574,846.407927,940.354147,802.994484,763.728324,829.872204,1121.758737,658.881377,675.747508,..,936.288089,784.615385,695.054945,1055.913978,736.55548
2007Q3,746.561886,843.944099,821.027287,799.065421,778.603269,886.649874,382.104877,993.048659,1016.666667,816.745656,690.095847,753.531073,652.24815,715.043075,1035.569106,957.198444,1056.842105,988.011988,908.199643,972.94686,867.387033,734.649123,722.765819,938.476562,859.180036,1029.024904,696.547145,8892.857143,1334.656085,3446.721311,853.839802,932.898416,814.026793,780.346821,828.27476,758.737317,658.881377,675.747508,..,937.21145,794.871795,696.428571,1061.290323,749.489449
2007Q4,717.092338,861.801242,849.117175,811.52648,786.032689,890.848027,382.47158,999.006951,1017.708333,820.695103,699.041534,762.711864,655.663062,724.983433,1022.357724,960.116732,1060,1001.998002,908.199643,995.169082,865.422397,739.766082,726.027397,950.195312,891.265597,1082.921455,696.547145,8369.047619,1330.687831,3270.491803,867.052023,935.694315,813.238771,791.907514,863.41853,736.189402,658.881377,675.747508,..,942.751616,801.465201,693.681319,1060.215054,754.254595
2008Q1,709.888671,860.248447,879.614767,838.006231,796.433878,892.527288,395.306197,991.062562,998.958333,830.173776,705.43131,771.892655,656.801366,734.2611,1013.211382,964.007782,1046.315789,965.034965,907.308378,993.236715,866.404715,742.690058,728.63666,953.125,918.003565,1024.034483,696.547145,7857.142857,1330.687831,3151.639344,868.703551,933.830382,817.178881,771.676301,888.977636,744.081172,696.373694,697.674419,..,947.368421,809.52381,714.285714,1066.666667,754.93533
2008Q2,744.59725,871.118012,899.678973,842.679128,812.035661,890.008396,395.306197,996.027805,1006.25,835.703002,713.099042,780.367232,657.370518,759.44334,1013.211382,967.898833,1056.842105,977.022977,909.090909,994.202899,872.298625,751.461988,733.20287,946.289062,1000,1041.001916,738.379814,7547.619048,1335.978836,3012.295082,865.400495,939.422181,819.542947,791.184971,865.015974,745.208568,696.373694,697.674419,602.409639,953.831948,815.384615,715.659341,1064.516129,756.296801
2008Q3,850.032744,893.63354,919.743178,852.803738,826.15156,906.801008,395.306197,992.055611,1003.125,842.022117,722.044728,785.310734,688.104724,768.721007,1009.146341,957.198444,1073.684211,995.004995,919.786096,1017.391304,874.263261,756.578947,774.298761,899.414062,1043.672014,1078.929118,738.379814,7333.333333,1321.428571,2852.459016,851.36251,952.469711,828.999212,805.635838,854.632588,747.46336,696.373694,697.674419,602.409639,965.835642,834.432234,724.587912,1064.516129,746.085773
2008Q4,799.607073,950.310559,943.820225,858.255452,835.809807,911.838791,395.306197,1002.979146,1006.25,845.181675,720.766773,795.19774,694.934548,781.974818,1017.276423,984.435798,1070.526316,1001.998002,944.741533,1000.966184,877.210216,763.157895,774.951076,910.15625,890.374332,1126.837164,738.379814,6821.428571,1321.428571,2737.704918,876.135425,959.925443,838.455477,828.757225,899.361022,757.609921,696.373694,697.674419,602.409639,967.682364,841.758242,745.192308,1067.741935,739.278421
2009Q1,796.332678,958.850932,957.463884,888.629283,843.982169,917.716205,412.174551,997.020854,1004.166667,847.551343,720.766773,796.610169,695.503699,785.28827,1018.292683,975.680934,1066.315789,964.035964,976.827094,1014.492754,887.033399,769.736842,774.298761,941.40625,885.026738,1014.05364,738.379814,6761.904762,1321.428571,2700.819672,903.385632,972.972973,840.031521,820.086705,916.932907,768.883878,730.178242,728.239203,634.337349,975.992613,864.468864,757.554945,1074.193548,738.597686
2009Q2,806.155861,969.720497,963.081862,901.869159,850.668648,924.433249,412.174551,1015.888779,1023.958333,849.921011,722.044728,800.141243,693.796244,797.87939,1028.455285,990.272374,1092.631579,974.025974,1010.695187,1014.492754,898.821218,777.046784,776.255708,980.46875,904.634581,927.220307,738.379814,6726.190476,1332.010582,2688.52459,917.423617,991.612302,843.183609,851.878613,863.41853,767.756483,730.178242,728.239203,634.337349,989.843029,875.457875,768.543956,1074.193548,742.001361
2009Q3,859.201048,979.037267,968.699839,922.11838,857.355126,947.942905,408.874221,1012.909633,1033.333333,851.50079,722.683706,796.610169,731.360273,799.867462,1009.146341,980.544747,1090.526316,1011.988012,1015.151515,1032.850242,901.768173,785.087719,808.871494,1003.90625,928.698752,979.120689,738.379814,6666.666667,1330.687831,2622.95082,919.900908,1000,852.639874,870.66474,853.833866,771.13867,730.178242,728.239203,634.337349,991.689751,902.564103,772.664835,1074.193548,750.850919
2009Q4,757.694826,954.192547,959.069021,924.454829,860.326895,936.188077,408.140814,1034.756703,1031.25,853.870458,725.878594,796.610169,733.067729,798.542081,1019.308943,989.299611,1096.842105,969.030969,1002.673797,1011.594203,906.679764,789.473684,814.742335,1013.671875,926.024955,1051.980843,765.60425,6345.238095,1322.751323,2463.114754,919.075145,1008.387698,857.368006,867.052023,892.971246,768.883878,730.178242,728.239203,634.337349,993.536473,903.296703,782.28022,1000,757.658271
2010Q1,775.376555,966.614907,969.502408,921.339564,864.041605,945.424013,414.374771,1023.833168,1015.625,857.819905,727.15655,797.316384,733.067729,801.192843,997.96748,974.708171,1078.947368,951.048951,1000.891266,1017.391304,921.414538,796.783626,815.394651,1012.695312,963.458111,993.093869,765.60425,5976.190476,1314.814815,2323.770492,914.120562,1004.659832,859.732072,848.988439,913.738019,777.903044,753.534112,774.750831,782.53012,986.149584,904.029304,779.532967,962.365591,764.465623
2010Q2,755.075311,934.782609,967.094703,919.781931,868.499257,956.339211,450.311698,1028.798411,1029.166667,861.769352,730.351438,802.259887,733.067729,808.482439,994.918699,978.599222,1080,979.020979,1004.456328,988.405797,914.53831,806.28655,819.308545,997.070312,972.370766,991.097701,765.60425,5726.190476,1312.169312,2217.213115,916.597853,1008.387698,862.096139,859.104046,865.015974,782.412627,753.534112,774.750831,782.53012,983.379501,902.564103,787.774725,955.913978,768.550034
2010Q3,850.032744,951.086957,979.133226,917.445483,872.956909,971.452561,468.280161,1020.854022,1023.958333,865.718799,734.185304,811.440678,763.801935,829.025845,994.918699,944.552529,1064.210526,976.023976,996.434938,995.169082,917.485265,812.865497,840.182648,1008.789062,977.71836,1014.05364,765.60425,5452.380952,1314.814815,2188.52459,916.597853,1006.523765,873.128448,877.16763,846.645367,795.941375,753.534112,774.750831,782.53012,992.613112,906.227106,791.895604,955.913978,769.911504
2010Q4,842.829077,974.378882,1005.617978,941.588785,893.016345,985.72628,477.447745,1018.867925,1031.25,867.298578,748.881789,842.514124,782.014798,842.942346,1018.292683,987.354086,1081.052632,972.027972,1010.695187,1004.830918,930.255403,861.842105,851.924331,1034.179688,1025.846702,1065.954022,824.037185,5119.047619,1324.074074,2151.639344,932.287366,1014.911463,890.464933,892.34104,908.945687,825.253664,753.534112,774.750831,782.53012,1010.156971,923.076923,804.258242,970.967742,783.526208
2011Q1,848.722986,994.565217,1016.853933,954.82866,900.445765,990.764064,522.552255,1007.944389,1017.708333,872.827804,748.242812,852.40113,782.014798,848.24387,986.788618,976.653696,1062.105263,908.091908,1009.803922,1012.560386,936.149312,869.883041,851.924331,1027.34375,1090.017825,1019.044061,829.34927,4845.238095,1313.492063,2077.868852,927.332783,1011.183597,891.252955,875,939.297125,869.222097,792.255685,824.584718,824.698795,1014.773777,929.67033,812.5,972.043011,784.206943
2011Q2,848.722986,995.341615,1032.102729,989.875389,906.389302,982.367758,522.552255,1013.902681,1044.791667,877.567141,755.271565,856.638418,782.014798,868.787276,1006.097561,1021.400778,1055.789474,959.040959,1006.238859,1023.188406,932.220039,875,855.838226,1040.039062,1118.538324,1073.938697,829.34927,4535.714286,1300.26455,2032.786885,944.673823,1014.911463,903.861308,895.231214,886.58147,873.73168,792.255685,824.584718,824.698795,1019.390582,943.589744,815.934066,973.11828,788.97209
2011Q3,924.688933,1004.658385,1038.523274,989.096573,910.104012,994.962217,522.552255,1013.902681,1044.791667,881.516588,761.022364,855.932203,813.318156,866.136514,1011.178862,1039.883268,1074.736842,978.021978,1003.565062,1014.492754,935.166994,879.385965,881.278539,1050.78125,1097.14795,1066.952106,833.333333,4119.047619,1255.291005,1934.42623,940.545004,1014.911463,910.953507,894.508671,897.763578,886.133033,792.255685,824.584718,824.698795,1020.313943,956.776557,835.164835,995.698925,795.779442
2011Q4,784.544859,997.670807,1036.918138,984.423676,914.561664,992.443325,522.552255,1012.909633,1039.583333,884.676145,764.217252,861.581921,816.733068,862.823062,989.837398,1034.046693,1064.210526,911.088911,1000.891266,1011.594203,936.149312,885.964912,881.278539,1061.523438,1106.060606,1102.883141,835.325365,3773.809524,1210.31746,1868.852459,928.98431,1000.931966,924.349882,895.953757,927.316294,891.770011,792.255685,824.584718,824.698795,1016.620499,954.578755,840.659341,998.924731,804.628999
2012Q1,793.058284,996.89441,1038.523274,982.087227,916.79049,1000.839631,592.959296,1008.937438,1022.916667,892.575039,769.329073,872.175141,816.733068,863.485752,980.691057,1056.420233,1058.947368,973.026973,1003.565062,1012.560386,934.184676,890.350877,881.278539,1079.101562,1122.103387,1054.975096,839.309429,3404.761905,1212.962963,1795.081967,927.332783,1007.455732,921.985816,845.375723,952.076677,906.426156,819.299324,854.48505,858.433735,1020.313943,974.358974,866.071429,1000,810.074881
2012Q2,827.111984,992.236025,1029.695024,975.077882,919.019316,1011.754828,592.959296,1010.923535,1023.958333,897.314376,776.357827,869.350282,817.30222,897.282969,991.869919,1064.202335,1051.578947,951.048951,989.304813,1015.458937,942.043222,894.005848,881.278539,1069.335938,1125.668449,1065.954022,842.629482,3273.809524,1182.539683,1737.704918,924.029727,1005.591799,921.197794,861.99422,920.127796,908.680947,819.299324,854.48505,858.433735,1022.160665,985.347985,870.879121,1031.182796,815.520762
2012Q3,925.99869,993.012422,1013.64366,978.971963,922.734027,1015.11335,592.959296,1005.958292,1025,902.843602,784.025559,862.99435,845.190666,899.933731,1020.325203,1019.455253,1034.736842,955.044955,995.543672,1020.289855,943.02554,902.777778,896.934116,1047.851562,1120.320856,1043.996169,874.501992,3119.047619,1161.375661,1680.327869,930.635838,1005.591799,929.078014,861.99422,920.127796,913.19053,819.299324,854.48505,858.433735,1024.930748,990.47619,894.230769,1036.55914,818.924438
2012Q4,843.483955,987.57764,1003.210273,978.193146,921.248143,1010.075567,592.959296,1005.958292,1023.958333,906.00316,787.859425,878.531073,850.313034,902.584493,975.609756,1036.964981,1018.947368,948.051948,1000,1008.695652,944.990177,916.666667,898.238748,1044.921875,1113.190731,1101.885057,877.158035,2833.333333,1141.534392,1631.147541,924.855491,986.95247,932.230102,887.283237,948.881789,923.337091,819.299324,854.48505,858.433735,1024.930748,966.300366,899.725275,1037.634409,823.00885
2013Q1,834.97053,997.670807,1016.853933,988.317757,924.219911,1018.471872,661.899523,997.020854,1014.583333,912.322275,794.888179,887.00565,850.882186,903.247184,954.268293,984.435798,1012.631579,935.064935,1008.02139,1012.560386,1000.982318,918.859649,899.543379,1057.617188,1122.103387,1036.011494,879.150066,2642.857143,1125.661376,1581.967213,929.810074,997.204101,933.806147,855.491329,975.239617,928.97407,858.020897,887.043189,900.60241,1026.77747,986.080586,902.472527,1043.010753,828.454731
2013Q2,849.377865,994.565217,1014.446228,987.538941,927.191679,1010.915197,661.899523,994.041708,1002.083333,916.271722,808.306709,896.892655,852.020489,924.45328,969.512195,998.054475,1007.368421,952.047952,999.108734,1013.52657,1005.89391,925.438596,902.804958,1041.992188,1103.386809,1041.001916,882.47012,2523.809524,1124.338624,1540.983607,921.552436,993.476235,936.958235,881.50289,931.309904,931.228861,858.020897,887.043189,900.60241,1024.930748,983.150183,923.763736,1056.989247,837.985024
2013Q3,942.370661,996.89441,1016.853933,993.76947,929.420505,1015.11335,661.899523,985.10427,995.833333,921.011058,815.974441,903.248588,882.185544,928.429423,958.333333,948.44358,991.578947,980.01998,1001.782531,1031.884058,999.017682,932.017544,923.679061,1029.296875,1144.385027,1041.001916,887.782205,2345.238095,1116.402116,1500,932.287366,999.068034,944.050433,894.508671,933.70607,934.611048,858.020897,887.043189,900.60241,1024.930748,969.230769,934.065934,1056.989247,846.834581
2013Q4,825.147348,1006.21118,1019.261637,999.221184,936.849926,1010.075567,661.899523,993.048659,1005.208333,924.960506,824.920128,915.960452,885.600455,924.45328,977.642276,958.171206,1003.157895,964.035964,998.217469,1019.323671,1000.982318,935.672515,923.679061,1029.296875,1121.212121,1126.837164,889.774236,2214.285714,1116.402116,1467.213115,933.938893,996.272134,947.990544,915.462428,967.252396,925.591883,858.020897,887.043189,900.60241,1022.160665,972.893773,939.56044,1056.989247,856.364874
2014Q1,820.563196,1003.881988,1024.077047,1010.124611,940.564636,1000,729.372937,986.097319,1001.041667,930.489731,835.14377,927.259887,886.738759,927.766733,957.317073,978.599222,987.368421,955.044955,1003.565062,1017.391304,992.141454,944.444444,924.331376,1024.414062,1131.016043,1070.944444,887.782205,2083.333333,1103.174603,1422.131148,936.416185,996.272134,946.4145,904.624277,1000.798722,931.228861,896.127843,918.936877,925.903614,1025.854109,961.172161,955.357143,1056.989247,861.13002
2014Q2,860.510806,1013.975155,1024.879615,1003.894081,946.508172,993.282955,729.372937,988.083416,994.791667,936.018957,845.367412,927.259887,886.738759,962.22664,976.626016,969.844358,996.842105,997.002997,996.434938,1028.019324,993.123772,947.368421,925.636008,1011.71875,1129.233512,1073.938697,888.446215,1904.761905,1095.238095,1389.344262,940.545004,996.272134,951.930654,903.179191,956.070288,950.394589,896.127843,918.936877,925.903614,1019.390582,958.974359,956.730769,1056.989247,864.533696
2014Q3,903.732809,1003.10559,1009.630819,1007.788162,948.736999,994.962217,738.907224,990.069513,994.791667,941.548183,854.952077,936.440678,916.903813,961.56395,963.414634,923.151751,982.105263,944.055944,1000,1035.748792,993.123772,958.333333,938.682322,1001.953125,1133.68984,1079.927202,921.646746,1761.904762,1083.333333,1352.459016,948.802642,985.088537,957.446809,939.306358,948.881789,951.521984,896.127843,918.936877,925.903614,1026.77747,962.637363,963.598901,1051.612903,869.979578
2014Q4,836.280288,1022.515528,1010.433387,1000.778816,953.194651,985.72628,740.374037,989.076465,991.666667,944.707741,869.648562,938.559322,918.042117,957.587806,997.96748,932.879377,978.947368,942.057942,987.522282,1018.357488,1001.964637,961.988304,938.682322,1003.90625,1092.691622,1146.79885,922.310757,1547.619048,1066.137566,1266.393443,945.499587,1000,958.234831,940.751445,985.623003,968.43292,896.127843,918.936877,925.903614,1023.084026,966.300366,967.032967,1051.612903,876.78693
2015Q1,881.466929,1023.291925,1011.235955,1011.682243,956.909361,994.962217,831.683168,986.097319,978.125,951.816746,876.677316,943.502825,918.611269,957.587806,985.772358,922.178988,965.263158,954.045954,991.97861,1025.120773,1003.929273,964.912281,939.334638,992.1875,1022.28164,1078.929118,925.63081,1511.904762,1067.460317,1237.704918,947.151115,1004.659832,960.598897,929.913295,1015.175719,968.43292,938.537185,954.152824,942.771084,1022.160665,961.172161,968.406593,1051.612903,885.636487
2015Q2,869.679109,1020.186335,1007.223114,1023.364486,962.852897,1004.198153,831.683168,992.055611,987.5,957.345972,890.095847,947.033898,918.611269,962.889331,964.430894,906.614786,981.052632,915.084915,998.217469,1039.613527,1000,970.02924,939.334638,975.585938,1076.648841,1031.021073,925.63081,1535.714286,1047.619048,1217.213115,944.673823,1005.591799,963.750985,946.531792,956.86901,976.32469,938.537185,954.152824,942.771084,1024.007387,957.509158,969.78022,1051.612903,893.80531
2015Q3,948.264571,1010.869565,993.579454,1021.806854,967.31055,1007.556675,831.683168,996.027805,972.916667,962.875197,902.236422,951.271186,964.143426,962.22664,1003.04878,945.525292,996.842105,871.128871,1001.782531,1015.458937,997.053045,956.871345,953.033268,978.515625,1044.56328,1039.005747,952.191235,1511.904762,1038.359788,1196.721311,959.537572,988.816403,971.631206,956.647399,972.044728,978.579481,938.537185,954.152824,942.771084,1023.084026,980.21978,971.153846,1051.612903,908.100749
2015Q4,859.201048,1002.329193,977.52809,1008.566978,971.768202,991.603694,831.683168,996.027805,981.25,968.404423,913.099042,956.920904,968.12749,961.56395,1027.439024,925.097276,980,871.128871,989.304813,1000.966184,1001.964637,963.450292,953.033268,980.46875,1001.782531,1101.885057,954.847278,1416.666667,1033.068783,1168.032787,969.446738,995.340168,974.783294,983.381503,1014.376997,971.815107,938.537185,954.152824,942.771084,1014.773777,979.487179,980.769231,1049.462366,920.353982
2016Q1,884.741323,1017.857143,987.961477,1011.682243,976.225854,995.801847,910.157682,992.055611,978.125,973.933649,920.766773,966.101695,968.696642,963.552021,1037.601626,970.817121,1007.368421,904.095904,994.652406,1004.830918,994.10609,965.643275,953.685584,996.09375,954.545455,1028.02682,954.183267,1369.047619,1039.68254,1151.639344,975.227085,1007.455732,975.571316,945.809249,1063.897764,970.687711,972.956361,982.059801,962.650602,1020.313943,963.369963,980.769231,1048.387097,926.480599
2016Q2,918.795023,996.89441,987.961477,1012.461059,979.940565,1000,910.157682,1000.993049,985.416667,979.462875,939.936102,974.576271,969.265794,982.107356,1012.195122,990.272374,989.473684,925.074925,987.522282,1000.966184,989.194499,970.760234,953.685584,986.328125,985.73975,995.090038,954.847278,1309.52381,1039.68254,1098.360656,983.484723,1009.319664,979.511426,977.601156,992.01278,984.21646,972.956361,982.059801,962.650602,1017.54386,951.648352,984.203297,1048.387097,940.776038
2016Q3,956.777996,993.78882,979.935795,1014.797508,985.884101,998.320739,910.524386,999.006951,985.416667,983.412322,959.105431,980.932203,996.585088,986.083499,1041.666667,993.190661,1032.631579,977.022977,992.869875,1000.966184,999.017682,978.070175,988.258317,979.492188,959.893048,984.111111,998.007968,1285.714286,1031.746032,1110.655738,986.787779,1006.523765,986.603625,985.549133,981.629393,986.471251,972.956361,982.059801,962.650602,1011.080332,980.21978,985.576923,1048.387097,957.794418
2016Q4,861.820563,995.341615,985.553772,1000.778816,990.341753,994.122586,910.891089,1006.951341,1004.166667,988.151659,972.523962,986.581921,999.430848,984.758118,1017.276423,974.708171,1020,944.055944,1002.673797,997.101449,996.070727,989.766082,995.43379,998.046875,982.174688,1080.925287,996.679947,1154.761905,1025.132275,1077.868852,989.26507,1003.727866,991.331757,1005.780347,1039.936102,990.980834,972.956361,982.059801,962.650602,1006.463527,991.208791,974.587912,1048.387097,985.023826
2017Q1,923.379175,1002.329193,1008.82825,1017.912773,994.799406,999.160369,999.266593,1003.972195,993.75,996.050553,982.108626,991.525424,1000.569152,985.420808,1032.520325,1012.645914,1006.315789,929.070929,1006.238859,1003.864734,1011.787819,991.22807,996.086106,1000.976562,1008.02139,1042,1005.312085,1142.857143,1013.227513,1057.377049,990.090834,1008.387698,995.271868,971.098266,1087.859425,990.980834,1000,1000,1000,1008.310249,988.278388,992.445055,1029.032258,995.234854
2017Q2,1000,1000,1000,1000,1000,1000,1000,1000,1000,1000,1000,1000,1000,1000,1000,1000,1000,1000,1000,1000,1000,1000,1000,1000,1000,1000,1000,1000,1000,1000,1000,1000,1000,1000,1000,1000,1000,1000,1000,1000,1000,1000,1000,1000
2017Q3,1017.681729,1004.658385,1011.235955,1018.691589,1008.172363,1010.075567,1001.10011,1005.958292,985.416667,1005.529226,1010.86262,1010.59322,1030.734206,1002.650762,1018.292683,1001.945525,1009.473684,980.01998,988.413547,1008.695652,1002.946955,1003.654971,1015.003262,999.023438,986.631016,976,1011.952191,1000,985.449735,983.606557,1004.954583,988.816403,1000,1003.612717,1044.728435,1002.254791,1000,1000,1000,1010.156971,993.406593,1021.291209,997.849462,1012.253233
2017Q4,904,1001,1010,1014,1013,1002,1001,988,1001,1011,1024,1022,1031,1004,1014,1009,978,919,989,1000,994,1001,1022,978,1027,1071,1006,1021,961,963,1009,992,1005,1042,1064,1012,1000,1000,1000,1002,1003,1031,997,1016
2018Q1,916,1009,1012,1015,1018,1007,1106,990,979,1017,1028,1035,1031,1012,1025,987,975,950,1001,1010,997,1009,1022,1004,1047,975,1014,1004,963,923,1013,993,1002,998,1129,1020,1028,840,1031,1007,997,1043,985,1029
2018Q2,944,1005,1009,1035,1029,1027,1107,988,1018,1025,1039,1041,1031,1028,1015,969,982,969,990,1018,984,1011,1022,982,1072,962,1013,912,959,853,1019,994,983,1012,1110,1026,1028,840,1031,1012,1008,1057,965,1032
2018Q3,966,1003,1012,1043,1038,1024,1107,989,1011,1029,1052,1048,1077,1027,1022,998,983,976,979,1035,990,1017,1049,981,1116,978,1066,834,954,863,1013,1006,992,1033,1109,1027,1028,840,1031,1008,1013,1073,965,1036
2018Q4,848,1033,1016,1019,1042,1007,1093,974,1013,1035,1061,1055,1078,1027,1050,971,966,910,970,1029,991,1021,1062,978,1111,1053,1073,803,964,851,1021,1039,1001,1069,1168,1027,1028,840,1031,1015,1013,1085,962,1040
2019Q1,894,1030,1023,1027,1048,1027,1191,976,1010,1041,1068,1058,1078,1039,992,932,992,954,989,1022,983,1022,1062,982,1060,974,1083,773,969,818,1022,1007,1002,1030,1189,1027,1054,852,1086,1018,1009,1097,912,1048
2019Q2,899,1032,1025,1035,1063,1034,1192,985,1017,1051,1075,1066,1078,1044,1030,981,1016,981,983,1041,994,1026,1065,962,1104,941,1089,695,971,756,1040,1021,1006,1047,1165,1027,1054,852,1086,1021,1008,1112,911,1052
2019Q3,916,1067,1031,1050,1070,1038,1192,979,1007,1059,1081,1077,1131,1042,1028,999,1012,969,990,1035,988,1033,1078,957,1105,962,1094,676,962,768,1044,1015,1018,1050,1180,1059,1054,852,1086,1022,1008,1125,872,1056
2019Q4,858,1079,1032,1038,1077,1030,1192,993,1010,1067,1086,1083,1132,1043,1026,988,1006,981,990,1039,994,1038,1087,949,1118,1047,1091,673,946,769,1043,1023,1022,1082,1232,1059,1054,852,1086,1032,1054,1134,865,1065
2020Q1,898,1097,1054,1050,1087,1038,1324,994,997,1080,1097,1092,1132,1055,1011,990,986,984,978,1051,999,1039,1087,959,1103,984,1094,722,938,718,1058,1028,1025,1069,1269,1059,1048,859,1062,1039,1042,1140,865,1077
2020Q2,947,1078,1059,1059,1102,1050,1317,976,912,1087,1105,1103,1133,1059,1009,967,965,997,975,1060,1005,1043,1087,955,1010,955,1096,777,934,690,1073,1035,1012,1101,1197,1059,1048,859,1062,1042,1030,1147,865,1091
2020Q3,1057,1082,1044,1057,1111,1051,1320,978,943,1092,1108,1109,1166,1059,1007,1014,1018,1036,990,1062,997,1055,1105,953,1024,959,1104,662,935,710,1083,1018,1031,1098,1191,1083,1048,859,1062,1024,1062,1151,865,1097
2020Q4,932,1079,1042,1051,1117,1054,1327,993,954,1098,1122,1113,1166,1048,1063,1030,1018,1029,991,1056,988,1062,1115,982,1028,1035,1106,715,926,733,1083,1025,1043,1134,1324,1086,1048,859,1062,1027,1062,1154,866,1108
2021Q1,933,1072,1051,1055,1127,1061,1363,983,962,1109,1135,1122,1166,1052,1034,967,1030,1005,994,1066,998,1069,1116,1008,1078,1068,1109,655,917,684,1099,1027,1042,1089,1321,1086,1085,873,1072,1031,1050,1159,865,1143
2021Q2,1001,1072,1055,1051,1149,1066,1360,1011,1011,1119,1187,1138,1166,1055,1045,1002,1025,1004,999,1090,992,1083,1118,1027,1124,1017,1114,578,906,618,1119,1076,1032,1115,1329,1086,1085,873,1072,1039,1051,1166,864,1163
2021Q3,1113,1103,1069,1058,1161,1073,1360,1011,1012,1127,1241,1155,1248,1053,1054,1046,1044,1012,1005,1098,984,1091,1142,1021,1181,1188,1127,563,898,638,1155,1136,1040,1111,1372,1106,1085,873,1072,1055,1059,1176,861,1187
2021Q4,999,1112,1083,1055,1172,1068,1359,1013,1020,1140,1298,1186,1248,1043,1137,1012,1032,1002,1041,1123,978,1103,1161,1040,1245,1220,1130,656,912,668,1201,1163,1048,1147,1386,1106,1085,873,1072,1077,1078,1185,804,1229
2022Q1,1092,1149,1109,1079,1185,1083,1416,1007,1011,1153,1343,1206,1249,1056,1107,1008,1058,1007,1057,1152,996,1111,1161,1064,1327,1110,1146,629,917,623,1217,1148,1050,1125,1417,1106,1124,885,1083,1097,1070,1193,803,1273
2022Q2,1083,1151,1130,1088,1216,1101,1417,1009,1036,1167,1404,1229,1249,1076,1141,1067,1063,1035,1096,1171,998,1127,1218,1068,1400,1010,1180,676,907,568,1272,1171,1060,1167,1422,1106,1124,885,1083,1115,1075,1198,754,1287
2022Q3,1267,1182,1155,1107,1237,1129,1418,1020,1051,1179,1450,1252,1338,1061,1163,1033,1062,1077,1118,1212,1013,1140,1240,1066,1365,1196,1237,557,929,601,1284,1194,1047,1174,1511,1151,1124,885,1083,1128,1110,1203,803,1278
2022Q4,1199,1232,1193,1138,1264,1137,1427,1030,1052,1190,1481,1271,1338,1073,1222,1058,1074,1142,1142,1246,1028,1160,1255,1067,1307,1374,1255,555,930,630,1305,1236,1072,1210,1582,1151,1124,885,1083,1152,1137,1217,785,1256
2023Q1,1313,1251,1245,1165,1286,1155,1535,1026,1060,1203,1497,1272,1339,1098,1187,1077,1066,1092,1148,1270,1030,1166,1277,1077,1281,1339,1269,563,932,604,1325,1249,1086,1225,1591,1151,1173,930,1152,1170,1138,1238,776,1256
2023Q2,1311,1273,1279,1195,1325,1179,1537,1062,1073,1216,1514,1294,1340,1128,1214,1082,1103,1139,1188,1297,1044,1182,1307,1090,1266,1235,1254,507,941,529,1324,1278,1111,1258,1622,1151,1173,930,1152,1198,1124,1276,776,1236
2023Q3,1323,1277,1282,1205,1347,1200,1545,1065,1066,1231,1523,1303,1466,1115,1197,1056,1078,1100,1188,1291,970,1195,1356,1121,1413,1274,1327,476,955,542,1333,1274,1124,1280,1639,1192,1173,930,1152,1192,1138,1318,776,1247
2023Q4,1238,1263,1273,1204,1357,1201,1591,1078,1067,1244,1534,1305,1467,1136,1188,1115,1070,1175,1188,1286,973,1227,1417,1099,1421,1277,1359,551,967,579,1330,1280,1143,1286,1650,1192,1173,930,1152,1186,1158,1362,776,1263