Region,Year,Total_Population,Boomer_Population,Gen X_Population,Gen Z_Population,Millennial_Population,Boomer_Share,Millennial_Share,Gen Z_Share,Gen X_Share,Millennial_Boomer_Share
Albert-Eden Local Board Area,1996,86110,23470.0,26770.0,,21990.0,0.27255835559168506,0.2553710370456393,0.0,0.31088143072813845,0.5279293926373243
Albert-Eden Local Board Area,2001,89980,21700.0,25920.0,6000.0,25530.0,0.24116470326739275,0.2837297177150478,0.06668148477439431,0.2880640142253834,0.5248944209824405
Albert-Eden Local Board Area,2006,96230,19470.0,25410.0,11770.0,31760.0,0.2023277564169178,0.33004260625584536,0.12231112958536838,0.2640548685441131,0.5323703626727632
Albert-Eden Local Board Area,2013,99970,18940.0,23260.0,19640.0,25770.0,0.18945683705111532,0.25777733319996,0.1964589376813044,0.23266980094028208,0.4472341702510753
Albert-Eden Local Board Area,2018,103740,16320.0,22040.0,22620.0,27480.0,0.15731636784268363,0.264893001735107,0.21804511278195488,0.21245421245421245,0.42220936957779065
Albert-Eden Local Board Area,2023,99490,14260.0,19560.0,23290.0,24230.0,0.1433309880389989,0.2435420645290984,0.2340938787817871,0.19660267363554126,0.38687305256809734
Aotea/great Barrier Local Board Area,1996,1230,415.0,215.0,,385.0,0.33739837398373984,0.3130081300813008,0.0,0.17479674796747968,0.6504065040650406
Aotea/great Barrier Local Board Area,2001,1110,405.0,195.0,75.0,255.0,0.36486486486486486,0.22972972972972974,0.06756756756756757,0.17567567567567569,0.5945945945945946
Aotea/great Barrier Local Board Area,2006,945,385.0,170.0,85.0,150.0,0.4074074074074074,0.15873015873015872,0.08994708994708994,0.17989417989417988,0.566137566137566
Aotea/great Barrier Local Board Area,2013,945,385.0,185.0,120.0,80.0,0.4074074074074074,0.08465608465608465,0.12698412698412698,0.19576719576719576,0.49206349206349204
Aotea/great Barrier Local Board Area,2018,970,375.0,190.0,95.0,135.0,0.3865979381443299,0.13917525773195877,0.0979381443298969,0.1958762886597938,0.5257731958762887
Aotea/great Barrier Local Board Area,2023,1040,350.0,225.0,100.0,160.0,0.33653846153846156,0.15384615384615385,0.09615384615384616,0.21634615384615385,0.4903846153846154
Area Outside Territorial Authority,1996,235,80.0,80.0,,30.0,0.3404255319148936,0.1276595744680851,0.0,0.3404255319148936,0.46808510638297873
Area Outside Territorial Authority,2001,150,50.0,40.0,5.0,35.0,0.3333333333333333,0.23333333333333334,0.03333333333333333,0.26666666666666666,0.5666666666666667
Area Outside Territorial Authority,2006,175,75.0,40.0,5.0,35.0,0.42857142857142855,0.2,0.02857142857142857,0.22857142857142856,0.6285714285714286
Area Outside Territorial Authority,2013,45,25.0,15.0,0.0,5.0,0.5555555555555556,0.1111111111111111,0.0,0.3333333333333333,0.6666666666666667
Area Outside Territorial Authority,2018,40,15.0,10.0,5.0,10.0,0.375,0.25,0.125,0.25,0.625
Area Outside Territorial Authority,2023,40,15.0,10.0,5.0,10.0,0.375,0.25,0.125,0.25,0.625
Ashburton District,1996,25670,7130.0,4880.0,,7100.0,0.2777561355668095,0.2765874561745228,0.0,0.1901051811453058,0.5543435917413323
Ashburton District,2001,26030,7160.0,5080.0,1620.0,6570.0,0.27506723011909334,0.2524010756819055,0.0622358816749904,0.19515943142527853,0.5274683058009988
Ashburton District,2006,28050,7180.0,5910.0,3680.0,6680.0,0.2559714795008913,0.23814616755793228,0.13119429590017825,0.2106951871657754,0.49411764705882355
Ashburton District,2013,32320,7700.0,6490.0,6220.0,5770.0,0.23824257425742573,0.17852722772277227,0.19245049504950495,0.20080445544554457,0.416769801980198
Ashburton District,2018,34610,7500.0,6500.0,6100.0,7010.0,0.2167003756139844,0.20254261774053742,0.1762496388327073,0.18780699219878647,0.4192429933545218
Ashburton District,2023,36780,7260.0,6460.0,6510.0,7780.0,0.19738988580750408,0.2115280043501903,0.1769983686786297,0.1756389342033714,0.4089178901576944
Auckland,1996,1115830,304840.0,279540.0,,336650.0,0.2731957377019797,0.3017036645367126,0.0,0.2505220329261626,0.5748994022386923
Auckland,2001,1218290,305740.0,293980.0,92830.0,360970.0,0.25095831041870165,0.29629234418734457,0.07619696459792004,0.24130543630826815,0.5472506546060463
Auckland,2006,1372950,305580.0,323870.0,196520.0,412980.0,0.2225718343712444,0.30079755271495684,0.14313704067883026,0.235893513966277,0.5233693870862013
Auckland,2013,1493190,313310.0,316480.0,310390.0,331350.0,0.20982594311507577,0.2219074598677998,0.20787039827483442,0.21194891473958438,0.43173340298287555
Auckland,2018,1654840,293140.0,325730.0,342470.0,392540.0,0.17714099248265694,0.23720722245050882,0.20695052089628,0.19683473931014478,0.41434821493316576
Auckland,2023,1739330,268140.0,319020.0,355270.0,408610.0,0.15416280981757344,0.2349237924948112,0.20425681153087683,0.18341545307675944,0.3890866023123847
Buller District,1996,10720,3010.0,2030.0,,3260.0,0.28078358208955223,0.3041044776119403,0.0,0.18936567164179105,0.5848880597014925
Buller District,2001,9850,2880.0,1870.0,600.0,2550.0,0.2923857868020305,0.25888324873096447,0.06091370558375635,0.18984771573604062,0.551269035532995
Buller District,2006,9940,2970.0,2040.0,1170.0,2200.0,0.2987927565392354,0.22132796780684105,0.11770623742454728,0.2052313883299799,0.5201207243460765
Buller District,2013,10680,3140.0,2200.0,1880.0,1580.0,0.2940074906367041,0.14794007490636704,0.1760299625468165,0.20599250936329588,0.44194756554307113
Buller District,2018,9850,3200.0,1930.0,1400.0,1410.0,0.3248730964467005,0.1431472081218274,0.14213197969543148,0.19593908629441625,0.4680203045685279
Buller District,2023,9670,3410.0,1940.0,1110.0,1280.0,0.35263702171664946,0.13236814891416754,0.11478800413650465,0.20062047569803515,0.485005170630817
Carterton District,1996,6940,2020.0,1150.0,,2200.0,0.2910662824207493,0.3170028818443804,0.0,0.16570605187319884,0.6080691642651297
Carterton District,2001,7010,2070.0,1270.0,480.0,1830.0,0.29529243937232524,0.26105563480741795,0.06847360912981455,0.181169757489301,0.5563480741797432
Carterton District,2006,7250,2170.0,1420.0,1010.0,1570.0,0.2993103448275862,0.21655172413793103,0.1393103448275862,0.19586206896551725,0.5158620689655172
Carterton District,2013,8500,2530.0,1720.0,1700.0,1000.0,0.29764705882352943,0.11764705882352941,0.2,0.2023529411764706,0.4152941176470588
Carterton District,2018,9520,2770.0,1910.0,1590.0,1300.0,0.29096638655462187,0.13655462184873948,0.16701680672268907,0.20063025210084034,0.4275210084033614
Carterton District,2023,10270,2890.0,2080.0,1450.0,1510.0,0.28140214216163584,0.14703018500486856,0.14118792599805258,0.20253164556962025,0.42843232716650437
Central Hawke's Bay District,1996,13330,3800.0,2460.0,,4490.0,0.28507126781695424,0.336834208552138,0.0,0.18454613653413354,0.6219054763690923
Central Hawke's Bay District,2001,13210,3690.0,2520.0,940.0,3880.0,0.279333838001514,0.2937168811506434,0.07115821347464042,0.19076457229371688,0.5730507191521574
Central Hawke's Bay District,2006,13260,3710.0,2680.0,1870.0,3250.0,0.27978883861236803,0.24509803921568626,0.14102564102564102,0.20211161387631976,0.5248868778280543
Central Hawke's Bay District,2013,13280,3960.0,2550.0,2570.0,1760.0,0.29819277108433734,0.13253012048192772,0.19352409638554216,0.19201807228915663,0.4307228915662651
Central Hawke's Bay District,2018,14650,4090.0,2810.0,2380.0,2260.0,0.27918088737201363,0.15426621160409557,0.16245733788395905,0.19180887372013652,0.4334470989761092
Central Hawke's Bay District,2023,16030,4040.0,3020.0,2270.0,2730.0,0.2520274485339988,0.1703056768558952,0.14160948222083594,0.1883967560823456,0.422333125389894
Central Otago District,1996,15240,4370.0,2690.0,,4280.0,0.286745406824147,0.28083989501312334,0.0,0.17650918635170604,0.5675853018372703
Central Otago District,2001,14730,4430.0,2450.0,830.0,3490.0,0.30074677528852684,0.23693143245078072,0.05634758995247793,0.16632722335369993,0.5376782077393075
Central Otago District,2006,17070,5130.0,3340.0,2010.0,3600.0,0.30052724077328646,0.210896309314587,0.11775043936731107,0.19566490919742238,0.5114235500878734
Central Otago District,2013,18500,5830.0,3510.0,3160.0,2350.0,0.31513513513513514,0.12702702702702703,0.17081081081081081,0.18972972972972973,0.4421621621621622
Central Otago District,2018,22230,6560.0,4270.0,3180.0,3900.0,0.29509671614934774,0.17543859649122806,0.14304993252361672,0.19208277103013946,0.4705353126405758
Central Otago District,2023,26050,6830.0,5100.0,3530.0,5200.0,0.2621880998080614,0.19961612284069097,0.13550863723608444,0.19577735124760076,0.46180422264875237
Chatham Islands Territory,1996,760,235.0,195.0,,240.0,0.3092105263157895,0.3157894736842105,0.0,0.2565789473684211,0.625
Chatham Islands Territory,2001,745,205.0,200.0,60.0,205.0,0.2751677852348993,0.2751677852348993,0.08053691275167785,0.2684563758389262,0.5503355704697986
Chatham Islands Territory,2006,645,165.0,185.0,105.0,135.0,0.2558139534883721,0.20930232558139536,0.16279069767441862,0.2868217054263566,0.4651162790697675
Chatham Islands Territory,2013,605,165.0,135.0,110.0,100.0,0.2727272727272727,0.1652892561983471,0.18181818181818182,0.2231404958677686,0.4380165289256198
Chatham Islands Territory,2018,685,175.0,140.0,110.0,145.0,0.25547445255474455,0.2116788321167883,0.16058394160583941,0.20437956204379562,0.46715328467153283
Chatham Islands Territory,2023,725,160.0,140.0,135.0,155.0,0.2206896551724138,0.21379310344827587,0.18620689655172415,0.19310344827586207,0.43448275862068964
Christchurch City,1996,325710,86600.0,81920.0,,87360.0,0.2658806914126063,0.268214055448098,0.0,0.25151208129931535,0.5340947468607042
Christchurch City,2001,335290,85680.0,75940.0,20960.0,93960.0,0.25553998031554775,0.2802350204300755,0.06251304840585761,0.22649050076053565,0.5357750007456232
Christchurch City,2006,361820,85770.0,79920.0,44200.0,103410.0,0.2370515726051628,0.28580509645680174,0.12216019014979825,0.22088331214416007,0.5228566690619645
Christchurch City,2013,356740,82900.0,73010.0,65640.0,76640.0,0.23238212703930033,0.21483433312776812,0.18399955149408534,0.2046588551886528,0.44721646016706845
Christchurch City,2018,383800,76230.0,74840.0,76290.0,87330.0,0.19861907243355914,0.2275403856175091,0.1987754038561751,0.19499739447628972,0.42615945805106825
Christchurch City,2023,396200,69400.0,72310.0,84650.0,88650.0,0.1751640585562847,0.22375063099444725,0.21365471983846543,0.18250883392226147,0.39891468955073195
Clutha District,1996,18430,5210.0,3720.0,,5680.0,0.28269126424308194,0.3081931633206728,0.0,0.20184481823114486,0.5908844275637548
Clutha District,2001,17560,5010.0,3530.0,1240.0,4740.0,0.2853075170842825,0.26993166287015946,0.07061503416856492,0.2010250569476082,0.5552391799544419
Clutha District,2006,17210,4630.0,3690.0,2500.0,4080.0,0.26902963393375945,0.23707147007553747,0.1452643811737362,0.21441022661243464,0.5061011040092969
Clutha District,2013,17220,4600.0,3670.0,3530.0,2510.0,0.26713124274099886,0.14576074332171893,0.20499419279907086,0.21312427409988385,0.4128919860627178
Clutha District,2018,18020,4460.0,3800.0,3180.0,3060.0,0.24750277469478357,0.16981132075471697,0.17647058823529413,0.21087680355160932,0.41731409544950054
Clutha District,2023,18900,4250.0,3820.0,3090.0,3480.0,0.22486772486772486,0.18412698412698414,0.1634920634920635,0.2021164021164021,0.408994708994709
Devonport-Takapuna Local Board Area,1996,51600,14680.0,11650.0,,13310.0,0.28449612403100777,0.2579457364341085,0.0,0.22577519379844962,0.5424418604651162
Devonport-Takapuna Local Board Area,2001,52360,14590.0,11020.0,2880.0,14160.0,0.27864782276546984,0.27043544690603516,0.05500381970970206,0.21046600458365164,0.549083269671505
Devonport-Takapuna Local Board Area,2006,55660,14030.0,12230.0,6300.0,15560.0,0.25206611570247933,0.27955443765720445,0.11318720804886813,0.21972691340280273,0.5316205533596838
Devonport-Takapuna Local Board Area,2013,58560,13910.0,12520.0,11460.0,11200.0,0.2375341530054645,0.1912568306010929,0.19569672131147542,0.21379781420765026,0.4287909836065574
Devonport-Takapuna Local Board Area,2018,60550,12350.0,12970.0,11920.0,12110.0,0.20396366639141206,0.2,0.1968620974401321,0.21420313790255988,0.40396366639141207
Devonport-Takapuna Local Board Area,2023,58670,11360.0,12320.0,10640.0,11610.0,0.1936253621953298,0.19788648372251577,0.18135333219703426,0.20998806885972388,0.3915118459178456
Dunedin City,1996,120760,30330.0,31580.0,,33850.0,0.2511593242795628,0.2803080490228553,0.0,0.2615104339185161,0.531467373302418
Dunedin City,2001,119280,29110.0,23740.0,6640.0,39570.0,0.24404761904761904,0.3317404426559356,0.055667337357478204,0.19902749832327296,0.5757880617035547
Dunedin City,2006,122350,28330.0,23600.0,13010.0,41160.0,0.23154883530854106,0.33641193297915817,0.1063342868818962,0.19288925214548427,0.5679607682876993
Dunedin City,2013,123560,28290.0,22480.0,25550.0,27820.0,0.22895759145354483,0.22515377144707024,0.20678213013920363,0.18193590158627387,0.45411136290061505
Dunedin City,2018,131190,27480.0,23690.0,34110.0,23440.0,0.2094671849988566,0.1786721548898544,0.2600045735193231,0.18057778794115406,0.388139339888711
Dunedin City,2023,134640,26090.0,23600.0,34770.0,24350.0,0.19377599524658348,0.18085264408793822,0.25824420677361853,0.17528223410576352,0.37462863933452173
Far North District,1996,54510,14480.0,9900.0,,18760.0,0.2656393322326179,0.34415703540634746,0.0,0.18161805173362686,0.6097963676389653
Far North District,2001,56390,15120.0,10270.0,4350.0,16660.0,0.26813264763255895,0.2954424543358752,0.07714133711651001,0.18212449015782942,0.5635751019684341
Far North District,2006,57550,15850.0,10910.0,8650.0,14190.0,0.27541268462206775,0.2465682015638575,0.15030408340573415,0.1895742832319722,0.5219808861859252
Far North District,2013,60590,17200.0,10820.0,13410.0,7980.0,0.28387522693513784,0.13170490179897673,0.22132365076745336,0.1785773229905925,0.41558012873411454
Far North District,2018,67900,18490.0,12620.0,12400.0,10160.0,0.2723122238586156,0.1496318114874816,0.18262150220913106,0.18586156111929308,0.42194403534609715
Far North District,2023,74730,18660.0,14470.0,11610.0,12060.0,0.24969891609795264,0.1613809714973906,0.1553592934564432,0.19363040278335342,0.41107988759534325
Franklin Local Board Area,1996,48440,14130.0,10070.0,,15540.0,0.291701073492981,0.3208092485549133,0.0,0.2078860445912469,0.6125103220478942
Franklin Local Board Area,2001,52850,14820.0,11360.0,4000.0,15100.0,0.2804162724692526,0.2857142857142857,0.07568590350047304,0.21494796594134344,0.5661305581835383
Franklin Local Board Area,2006,60620,15930.0,14220.0,9270.0,14800.0,0.2627845595513032,0.2441438469152095,0.15291982843945892,0.2345760475090729,0.5069284064665127
Franklin Local Board Area,2013,68300,16980.0,15230.0,15310.0,10070.0,0.2486090775988287,0.14743777452415813,0.22415812591508052,0.22298682284040997,0.39604685212298685
Franklin Local Board Area,2018,77660,17200.0,17200.0,14980.0,13100.0,0.22147823847540563,0.1686840072109194,0.1928920937419521,0.22147823847540563,0.390162245686325
Franklin Local Board Area,2023,85350,16720.0,18090.0,14280.0,15920.0,0.19589923842999415,0.1865260691271236,0.16731107205623902,0.21195079086115992,0.3824253075571178
Gisborne District,1996,47170,12130.0,9600.0,,16530.0,0.2571549713801145,0.35043459826160694,0.0,0.2035191859232563,0.6075895696417215
Gisborne District,2001,45520,11170.0,9010.0,4030.0,14320.0,0.2453866432337434,0.3145869947275923,0.08853251318101933,0.19793497363796134,0.5599736379613357
Gisborne District,2006,45930,10920.0,9110.0,7670.0,12760.0,0.23775310254735468,0.2778140648813412,0.1669932505987372,0.19834530807750925,0.5155671674286959
Gisborne District,2013,46990,10950.0,8750.0,11260.0,7910.0,0.23302830389444562,0.1683336880187274,0.23962545222387743,0.1862098318791232,0.401361991913173
Gisborne District,2018,49550,10760.0,9090.0,10160.0,8800.0,0.21715438950554994,0.17759838546922302,0.20504540867810292,0.1834510595358224,0.39475277497477296
Gisborne District,2023,52630,10130.0,9480.0,9580.0,9900.0,0.1924757742732282,0.18810564316929507,0.18202546076382292,0.18012540376211286,0.3805814174425233
Gore District,1996,13520,3590.0,2720.0,,4150.0,0.2655325443786982,0.3069526627218935,0.0,0.20118343195266272,0.5724852071005917
Gore District,2001,12750,3330.0,2540.0,850.0,3520.0,0.2611764705882353,0.276078431372549,0.06666666666666667,0.1992156862745098,0.5372549019607843
Gore District,2006,12400,3200.0,2500.0,1600.0,3010.0,0.25806451612903225,0.24274193548387096,0.12903225806451613,0.20161290322580644,0.5008064516129032
Gore District,2013,12400,3240.0,2320.0,2510.0,1840.0,0.26129032258064516,0.14838709677419354,0.20241935483870968,0.1870967741935484,0.4096774193548387
Gore District,2018,12800,3140.0,2460.0,2310.0,2110.0,0.2453125,0.16484375,0.18046875,0.1921875,0.41015625
Gore District,2023,13050,2990.0,2510.0,2170.0,2340.0,0.22911877394636015,0.1793103448275862,0.16628352490421455,0.19233716475095786,0.4084291187739464
Grey District,1996,14000,3900.0,2970.0,,4310.0,0.2785714285714286,0.3078571428571429,0.0,0.21214285714285713,0.5864285714285715
Grey District,2001,13200,3660.0,2740.0,910.0,3560.0,0.2772727272727273,0.2696969696969697,0.06893939393939394,0.20757575757575758,0.546969696969697
Grey District,2006,13530,3600.0,2910.0,1830.0,3350.0,0.2660753880266075,0.24759793052475979,0.1352549889135255,0.21507760532150777,0.5136733185513673
Grey District,2013,13710,3710.0,2780.0,2650.0,2130.0,0.27060539752005836,0.15536105032822758,0.19328956965718452,0.20277169948942378,0.42596644784828597
Grey District,2018,13730,3550.0,2810.0,2390.0,2220.0,0.258557902403496,0.1616897305171158,0.17407137654770574,0.2046613255644574,0.42024763292061185
Grey District,2023,14270,3420.0,2900.0,2270.0,2430.0,0.2396636299929923,0.1702873160476524,0.1590749824807288,0.20322354590049055,0.4099509460406447
Hamilton City,1996,113530,28190.0,30980.0,,35650.0,0.24830441293050295,0.31401391702633663,0.0,0.2728794151325641,0.5623183299568396
Hamilton City,2001,121220,27940.0,27450.0,9260.0,40670.0,0.23049001814882034,0.3355056921300115,0.07639003464774789,0.22644778089424186,0.5659957102788319
Hamilton City,2006,134760,27660.0,28290.0,19380.0,45890.0,0.20525378450578807,0.34053131493024635,0.14381121994657167,0.20992876224398932,0.5457850994360345
Hamilton City,2013,150170,28730.0,28510.0,32450.0,37040.0,0.19131650795764799,0.24665379236864887,0.21608843310914297,0.18985150163148432,0.43797030032629686
Hamilton City,2018,168630,27350.0,29810.0,38870.0,39820.0,0.16218940876475124,0.23613829093281147,0.2305046551621894,0.17677756033920417,0.3983276996975627
Hamilton City,2023,185260,25230.0,29540.0,44120.0,42730.0,0.1361869804598942,0.23064881787757746,0.23815178667818201,0.15945158156104933,0.36683579833747165
Hastings District,1996,68070,18150.0,14000.0,,22230.0,0.2666372851476421,0.3265755839576906,0.0,0.20567063317173498,0.5932128691053327
Hastings District,2001,69560,17890.0,13940.0,5570.0,20670.0,0.2571880391029327,0.2971535365152386,0.0800747556066705,0.20040253018976423,0.5543415756181713
Hastings District,2006,73170,18080.0,15140.0,11300.0,19300.0,0.24709580429137626,0.26376930435971024,0.15443487768211014,0.2069154024873582,0.5108651086510865
Hastings District,2013,76700,18760.0,15220.0,17280.0,11760.0,0.24458930899608866,0.15332464146023467,0.22529335071707954,0.1984354628422425,0.39791395045632333
Hastings District,2018,84740,18750.0,16470.0,16730.0,14950.0,0.22126504602312957,0.17642199669577532,0.1974274250649044,0.19435921642671702,0.39768704271890487
Hastings District,2023,91860,18020.0,17070.0,16530.0,17950.0,0.19616808186370563,0.19540605268887437,0.1799477465708687,0.18582625734813848,0.39157413455258
Hauraki District,1996,18530,4960.0,3440.0,,6270.0,0.2676740420939018,0.3383702104695089,0.0,0.18564490016189963,0.6060442525634107
Hauraki District,2001,17990,4790.0,3290.0,1300.0,5120.0,0.2662590327959978,0.2846025569760978,0.07226236798221233,0.1828793774319066,0.5508615897720957
Hauraki District,2006,18290,4990.0,3450.0,2450.0,4340.0,0.2728266812465828,0.23728813559322035,0.13395297977036633,0.18862766539092402,0.5101148168398032
Hauraki District,2013,18600,5330.0,3320.0,3620.0,2410.0,0.28655913978494624,0.1295698924731183,0.19462365591397848,0.17849462365591398,0.4161290322580645
Hauraki District,2018,20650,5980.0,3820.0,3350.0,3010.0,0.28958837772397095,0.14576271186440679,0.162227602905569,0.18498789346246974,0.43535108958837776
Hauraki District,2023,22350,6290.0,4240.0,3010.0,3510.0,0.2814317673378076,0.15704697986577182,0.13467561521252797,0.18970917225950784,0.43847874720357943
Henderson-Massey Local Board Area,1996,82200,20980.0,21060.0,,27380.0,0.2552311435523114,0.33309002433090024,0.0,0.2562043795620438,0.5883211678832116
Henderson-Massey Local Board Area,2001,90900,20890.0,22510.0,7910.0,28310.0,0.22981298129812983,0.31144114411441143,0.08701870187018702,0.24763476347634764,0.5412541254125413
Henderson-Massey Local Board Area,2006,103680,21310.0,24760.0,16760.0,31190.0,0.20553626543209877,0.30082947530864196,0.16165123456790123,0.23881172839506173,0.5063657407407407
Henderson-Massey Local Board Area,2013,113510,21970.0,23880.0,24530.0,25170.0,0.19355122896661087,0.22174257774645406,0.2161043079904854,0.21037794026957976,0.41529380671306493
Henderson-Massey Local Board Area,2018,124620,20060.0,23580.0,25340.0,30860.0,0.16096934681431552,0.2476328037233189,0.20333814796982827,0.18921521425132404,0.4086021505376344
Henderson-Massey Local Board Area,2023,131420,17370.0,22740.0,27090.0,32600.0,0.13217166336935018,0.24805965606452596,0.20613300867447876,0.17303302389286257,0.3802313194338761
Hibiscus And Bays Local Board Area,1996,67960,20360.0,12430.0,,18990.0,0.29958799293702176,0.2794290759270159,0.0,0.18290170688640375,0.5790170688640377
Hibiscus And Bays Local Board Area,2001,75090,21480.0,14270.0,4430.0,20550.0,0.28605673192169395,0.27367159408709546,0.0589958716207218,0.19003862032227994,0.5597283260087894
Hibiscus And Bays Local Board Area,2006,85220,22450.0,18380.0,10380.0,21430.0,0.2634358131893922,0.25146679183290305,0.1218023938042713,0.21567707111006806,0.5149026050222952
Hibiscus And Bays Local Board Area,2013,94060,23700.0,20100.0,19130.0,14330.0,0.25196682968318096,0.15234956410801617,0.20338082075271102,0.2136933871996598,0.4043163937911971
Hibiscus And Bays Local Board Area,2018,108460,23930.0,23160.0,20460.0,19420.0,0.22063433523879772,0.17905218513737783,0.18864097363083165,0.2135349437580675,0.3996865203761756
Hibiscus And Bays Local Board Area,2023,117140,23410.0,24040.0,18610.0,23600.0,0.19984633771555405,0.20146832849581697,0.15886972852996414,0.2052245176711627,0.401314666211371
Horowhenua District,1996,30810,7660.0,5630.0,,9240.0,0.24862057773450177,0.29990262901655307,0.0,0.18273287893541057,0.5485232067510548
Horowhenua District,2001,30600,7650.0,5450.0,2130.0,8060.0,0.25,0.2633986928104575,0.0696078431372549,0.1781045751633987,0.5133986928104575
Horowhenua District,2006,30570,7940.0,5580.0,4130.0,6820.0,0.2597317631665031,0.22309453712790317,0.13509977101733725,0.18253189401373895,0.48282630029440626
Horowhenua District,2013,31170,8690.0,5390.0,6110.0,4020.0,0.2787937119024703,0.1289701636188643,0.19602181584857234,0.17292268206608918,0.40776387552133464
Horowhenua District,2018,34510,9570.0,6220.0,5910.0,5040.0,0.2773109243697479,0.1460446247464503,0.17125470878006374,0.18023761228629384,0.4233555491161982
Horowhenua District,2023,37500,9840.0,6770.0,5910.0,5820.0,0.2624,0.1552,0.1576,0.18053333333333332,0.4176
Howick Local Board Area,1996,80900,25310.0,16770.0,,23600.0,0.3128553770086527,0.29171817058096416,0.0,0.2072929542645241,0.6045735475896168
Howick Local Board Area,2001,97330,27960.0,20250.0,6090.0,28920.0,0.28727011199013663,0.29713346347477654,0.06257063598068427,0.20805507037912258,0.5844035754649132
Howick Local Board Area,2006,119090,29110.0,27490.0,15170.0,35220.0,0.24443698043496515,0.29574271559324883,0.12738265177596775,0.23083382315895543,0.5401796960282139
Howick Local Board Area,2013,135020,30900.0,29630.0,28140.0,26870.0,0.22885498444674862,0.1990075544363798,0.20841356836024294,0.2194489705228855,0.4278625388831284
Howick Local Board Area,2018,149440,29080.0,31380.0,29830.0,32220.0,0.194593147751606,0.21560492505353318,0.19961188436830835,0.20998394004282656,0.4101980728051392
Howick Local Board Area,2023,157710,26380.0,30660.0,29390.0,36270.0,0.1672690381079196,0.22997907551835647,0.18635470166761778,0.19440745672436752,0.3972481136262761
Hurunui District,1996,9620,2910.0,1690.0,,2850.0,0.3024948024948025,0.29625779625779625,0.0,0.17567567567567569,0.5987525987525988
Hurunui District,2001,10150,3010.0,1880.0,690.0,2650.0,0.296551724137931,0.26108374384236455,0.06798029556650247,0.1852216748768473,0.5576354679802955
Hurunui District,2006,10760,3200.0,2250.0,1440.0,2320.0,0.29739776951672864,0.21561338289962825,0.13382899628252787,0.20910780669144982,0.5130111524163569
Hurunui District,2013,11990,3510.0,2440.0,2250.0,1680.0,0.292743953294412,0.14011676396997497,0.18765638031693077,0.20350291909924936,0.43286071726438696
Hurunui District,2018,12960,3540.0,2620.0,2020.0,2220.0,0.27314814814814814,0.1712962962962963,0.1558641975308642,0.2021604938271605,0.4444444444444444
Hurunui District,2023,13820,3640.0,2700.0,1920.0,2420.0,0.2633863965267728,0.17510853835021709,0.1389290882778582,0.19536903039073805,0.4384949348769899
Invercargill City,1996,54250,14440.0,12040.0,,16520.0,0.26617511520737325,0.30451612903225805,0.0,0.22193548387096773,0.5706912442396312
Invercargill City,2001,51100,13160.0,10560.0,3610.0,14470.0,0.25753424657534246,0.2831702544031311,0.07064579256360078,0.2066536203522505,0.5407045009784736
Invercargill City,2006,51590,12640.0,10740.0,6760.0,13990.0,0.24500872262066292,0.27117658460942046,0.1310331459585191,0.20817987982167085,0.5161853072300834
Invercargill City,2013,53230,12750.0,10450.0,10430.0,9990.0,0.23952658275408603,0.18767612248731919,0.19594213789216608,0.19631786586511366,0.42720270524140525
Invercargill City,2018,55870,12210.0,10710.0,10510.0,10960.0,0.2185430463576159,0.19616967961338821,0.18811526758546626,0.1916950062645427,0.4147127259710041
Invercargill City,2023,57910,11590.0,10680.0,10580.0,11660.0,0.20013814539803143,0.20134691763080642,0.18269728889656364,0.1844241063719565,0.40148506302883785
Kaikoura District,1996,3600,1010.0,660.0,,1070.0,0.28055555555555556,0.2972222222222222,0.0,0.18333333333333332,0.5777777777777777
Kaikoura District,2001,3570,1030.0,720.0,220.0,860.0,0.28851540616246496,0.24089635854341737,0.06162464985994398,0.20168067226890757,0.5294117647058824
Kaikoura District,2006,3730,1100.0,770.0,440.0,860.0,0.2949061662198391,0.23056300268096513,0.11796246648793565,0.2064343163538874,0.5254691689008042
Kaikoura District,2013,3610,1130.0,720.0,600.0,510.0,0.31301939058171746,0.14127423822714683,0.16620498614958448,0.1994459833795014,0.45429362880886426
Kaikoura District,2018,4040,1220.0,760.0,580.0,720.0,0.30198019801980197,0.1782178217821782,0.14356435643564355,0.18811881188118812,0.4801980198019802
Kaikoura District,2023,4230,1230.0,800.0,570.0,740.0,0.2907801418439716,0.17494089834515367,0.1347517730496454,0.18912529550827423,0.4657210401891253
Kaipara District,1996,17840,4760.0,3260.0,,5840.0,0.26681614349775784,0.3273542600896861,0.0,0.1827354260089686,0.594170403587444
Kaipara District,2001,17950,4990.0,3200.0,1320.0,5070.0,0.27799442896935933,0.28245125348189415,0.07353760445682452,0.17827298050139276,0.5604456824512535
Kaipara District,2006,18570,5200.0,3520.0,2730.0,4330.0,0.28002154011847064,0.23317178244480344,0.1470113085621971,0.18955304254173397,0.5131933225632741
Kaipara District,2013,20490,6160.0,3610.0,4160.0,2710.0,0.30063445583211323,0.13225963884821865,0.20302586627623231,0.17618350414836506,0.4328940946803319
Kaipara District,2018,23750,7140.0,4280.0,3820.0,3550.0,0.3006315789473684,0.14947368421052631,0.1608421052631579,0.18021052631578946,0.45010526315789473
Kaipara District,2023,27270,7780.0,5140.0,3540.0,4440.0,0.2852951961862853,0.1628162816281628,0.12981298129812982,0.1884855152181885,0.4481114778144481
Kaipatiki Local Board Area,1996,74700,21340.0,19740.0,,21010.0,0.2856760374832664,0.28125836680053545,0.0,0.2642570281124498,0.5669344042838018
Kaipatiki Local Board Area,2001,78170,20060.0,20020.0,5480.0,22300.0,0.2566201867724191,0.2852756812076244,0.07010362031469873,0.25610848151464755,0.5418958679800435
Kaipatiki Local Board Area,2006,83610,18580.0,20840.0,10810.0,25430.0,0.2222222222222222,0.30415022126539887,0.12929075469441453,0.24925248176055495,0.5263724434876211
Kaipatiki Local Board Area,2013,86960,17600.0,19460.0,15710.0,21110.0,0.20239190432382706,0.24275528978840846,0.18065777368905245,0.2237810487580497,0.4451471941122355
Kaipatiki Local Board Area,2018,92880,15350.0,18070.0,17510.0,25200.0,0.16526701119724377,0.2713178294573643,0.18852282515073213,0.19455211024978467,0.4365848406546081
Kaipatiki Local Board Area,2023,91320,13140.0,15990.0,18270.0,24420.0,0.14388961892247043,0.26741130091984233,0.20006570302233903,0.17509855453350853,0.41130091984231276
Kapiti Coast District,1996,39430,9920.0,6300.0,,10720.0,0.25158508749682984,0.27187420745625157,0.0,0.15977681968044635,0.5234592949530814
Kapiti Coast District,2001,43630,11100.0,7340.0,2680.0,10400.0,0.2544121017648407,0.23836809534723813,0.061425624570249825,0.1682328672931469,0.4927801971120788
Kapiti Coast District,2006,47430,12210.0,8950.0,5770.0,9520.0,0.25743200506008856,0.2007168458781362,0.12165296226017289,0.18869913556820578,0.45814885093822477
Kapiti Coast District,2013,50670,13720.0,9690.0,9270.0,5800.0,0.27077165975922635,0.11446615354253009,0.18294849023090587,0.19123741859088217,0.38523781330175644
Kapiti Coast District,2018,55130,14890.0,10900.0,8670.0,7610.0,0.27008888082713584,0.1380373662252857,0.1572646471975331,0.19771449301650643,0.4081262470524215
Kapiti Coast District,2023,58410,15380.0,11780.0,8000.0,9430.0,0.2633110768703989,0.16144495805512754,0.1369628488272556,0.2016777948981339,0.42475603492552644
Kawerau District,1996,8130,1950.0,1780.0,,3350.0,0.23985239852398524,0.41205412054120544,0.0,0.21894218942189422,0.6519065190651907
Kawerau District,2001,7310,1660.0,1500.0,690.0,2500.0,0.2270861833105335,0.34199726402188785,0.09439124487004104,0.2051983584131327,0.5690834473324213
Kawerau District,2006,7150,1620.0,1370.0,1250.0,2010.0,0.22657342657342658,0.2811188811188811,0.17482517482517482,0.1916083916083916,0.5076923076923077
Kawerau District,2013,6640,1570.0,1070.0,1610.0,1040.0,0.23644578313253012,0.1566265060240964,0.24246987951807228,0.16114457831325302,0.3930722891566265
Kawerau District,2018,7480,1800.0,1170.0,1530.0,1200.0,0.24064171122994651,0.16042780748663102,0.20454545454545456,0.15641711229946523,0.40106951871657753
Kawerau District,2023,7800,1860.0,1180.0,1370.0,1270.0,0.23846153846153847,0.16282051282051282,0.17564102564102563,0.15128205128205127,0.4012820512820513
Lower Hutt City,1996,98800,26760.0,23410.0,,30500.0,0.2708502024291498,0.30870445344129555,0.0,0.2369433198380567,0.5795546558704454
Lower Hutt City,2001,99070,25150.0,22930.0,7870.0,29030.0,0.25386090642979714,0.2930251337438175,0.07943878066013929,0.23145250832744524,0.5468860401736146
Lower Hutt City,2006,101260,23820.0,23190.0,15180.0,28060.0,0.2352360260714991,0.27710843373493976,0.14991111988939365,0.22901441832905392,0.5123444598064388
Lower Hutt City,2013,101160,23080.0,21580.0,21010.0,19390.0,0.22815342032423883,0.1916765519968367,0.20769078687228154,0.2133254250691973,0.41982997232107555
Lower Hutt City,2018,108550,21400.0,21750.0,20710.0,23830.0,0.1971441731920774,0.21953017042837403,0.19078765545831414,0.20036849378166743,0.4166743436204514
Lower Hutt City,2023,114010,19070.0,21130.0,21540.0,26480.0,0.16726602929567583,0.23226032804139987,0.1889307955442505,0.1853346197701956,0.3995263573370757
Mackenzie District,1996,4170,1200.0,960.0,,1250.0,0.28776978417266186,0.2997601918465228,0.0,0.2302158273381295,0.5875299760191847
Mackenzie District,2001,3780,1110.0,820.0,230.0,950.0,0.29365079365079366,0.25132275132275134,0.06084656084656084,0.21693121693121692,0.544973544973545
Mackenzie District,2006,3910,1160.0,830.0,500.0,920.0,0.2966751918158568,0.23529411764705882,0.1278772378516624,0.21227621483375958,0.5319693094629157
Mackenzie District,2013,4310,1180.0,910.0,780.0,710.0,0.2737819025522042,0.16473317865429235,0.18097447795823665,0.2111368909512761,0.4385150812064965
Mackenzie District,2018,5110,1250.0,1000.0,870.0,1140.0,0.2446183953033268,0.22309197651663404,0.17025440313111545,0.19569471624266144,0.46771037181996084
Mackenzie District,2023,5680,1260.0,1070.0,1060.0,1250.0,0.22183098591549297,0.22007042253521128,0.18661971830985916,0.18838028169014084,0.44190140845070425
Manawatu District,1996,26780,7250.0,5500.0,,8740.0,0.2707244212098581,0.3263629574309186,0.0,0.20537714712471994,0.5970873786407767
Manawatu District,2001,26270,7000.0,5310.0,1900.0,7640.0,0.2664636467453369,0.2908260373049105,0.0723258469737343,0.2021317091739627,0.5572896840502475
Manawatu District,2006,26770,6920.0,5630.0,3700.0,6960.0,0.2584983190138214,0.2599925289503175,0.1382144191258872,0.21031004856182295,0.5184908479641389
Manawatu District,2013,28480,7330.0,5770.0,6160.0,4300.0,0.257373595505618,0.15098314606741572,0.21629213483146068,0.20259831460674158,0.4083567415730337
Manawatu District,2018,31120,7400.0,6170.0,5740.0,5320.0,0.2377892030848329,0.17095115681233933,0.18444730077120822,0.19826478149100257,0.4087403598971722
Manawatu District,2023,33930,7330.0,6340.0,5600.0,6270.0,0.2160330091364574,0.1847922192749779,0.1650456822870616,0.18685529030356618,0.4008252284114353
Mangere-Otahuhu Local Board Area,1996,61410,13880.0,15860.0,,23660.0,0.22602182055039896,0.385279270477121,0.0,0.2582641263637844,0.61130109102752
Mangere-Otahuhu Local Board Area,2001,64600,13090.0,14960.0,7070.0,23130.0,0.2026315789473684,0.35804953560371516,0.10944272445820434,0.23157894736842105,0.5606811145510836
Mangere-Otahuhu Local Board Area,2006,72460,13230.0,15400.0,14410.0,24500.0,0.18258349434170576,0.33811758211426995,0.19886834115374,0.21253105161468397,0.5207010764559757
Mangere-Otahuhu Local Board Area,2013,75320,12750.0,14170.0,20340.0,16750.0,0.1692777482740308,0.22238449283058948,0.2700477960701009,0.18813064259160914,0.3916622411046203
Mangere-Otahuhu Local Board Area,2018,82750,11830.0,14680.0,21010.0,18180.0,0.1429607250755287,0.21969788519637462,0.2538972809667674,0.17740181268882174,0.3626586102719033
Mangere-Otahuhu Local Board Area,2023,89160,10660.0,14830.0,21620.0,18740.0,0.11956034096007179,0.21018393898609242,0.24248541947061464,0.16633019291161957,0.3297442799461642
Manurewa Local Board Area,1996,60070,14430.0,16060.0,,22200.0,0.24021974363242884,0.3695688363575828,0.0,0.26735475278841353,0.6097885799900117
Manurewa Local Board Area,2001,69050,14850.0,17170.0,7190.0,23220.0,0.21506154960173787,0.33627805937726285,0.10412744388124548,0.24866039102099927,0.5513396089790007
Manurewa Local Board Area,2006,81590,15480.0,18260.0,15940.0,26250.0,0.18972913347223924,0.32173060424071576,0.19536707929893368,0.22380193651182742,0.511459737712955
Manurewa Local Board Area,2013,87000,15600.0,16790.0,22060.0,19370.0,0.1793103448275862,0.22264367816091954,0.2535632183908046,0.19298850574712645,0.40195402298850574
Manurewa Local Board Area,2018,100860,14280.0,17550.0,24250.0,23940.0,0.14158239143367043,0.23735871505056513,0.24043228237160422,0.17400356930398572,0.37894110648423557
Manurewa Local Board Area,2023,110920,12640.0,17540.0,25770.0,25600.0,0.1139560043274432,0.2307969707897584,0.2323296069239091,0.1581319870176704,0.3447529751172016
Marlborough District,1996,39190,10910.0,7700.0,,11280.0,0.27838734371013013,0.2878285276856341,0.0,0.1964786935442715,0.5662158713957642
Marlborough District,2001,40700,11560.0,7770.0,2540.0,10440.0,0.284029484029484,0.2565110565110565,0.062407862407862405,0.19090909090909092,0.5405405405405406
Marlborough District,2006,43540,12550.0,8830.0,5110.0,9970.0,0.28824069820854387,0.22898484152503445,0.11736334405144695,0.2028020211299954,0.5172255397335783
Marlborough District,2013,44670,13030.0,8580.0,7790.0,6490.0,0.29169464965301095,0.14528766509961943,0.1743899708976942,0.19207521826729348,0.4369823147526304
Marlborough District,2018,48720,13500.0,9520.0,7600.0,8070.0,0.2770935960591133,0.16564039408866996,0.15599343185550082,0.19540229885057472,0.44273399014778325
Marlborough District,2023,52220,13320.0,10160.0,7780.0,9700.0,0.2550746840291076,0.18575258521639218,0.14898506319417848,0.1945614707008809,0.44082726924549975
Masterton District,1996,23310,6250.0,4230.0,,7480.0,0.2681252681252681,0.3208923208923209,0.0,0.18146718146718147,0.589017589017589
Masterton District,2001,23200,6200.0,4120.0,1640.0,6570.0,0.2672413793103448,0.2831896551724138,0.0706896551724138,0.17758620689655172,0.5504310344827585
Masterton District,2006,23190,6190.0,4240.0,3040.0,5810.0,0.2669253988788271,0.25053902544200085,0.13109098749460973,0.18283742992669255,0.517464424320828
Masterton District,2013,24080,6470.0,4320.0,4910.0,3620.0,0.26868770764119604,0.15033222591362128,0.20390365448504982,0.17940199335548174,0.4190199335548173
Masterton District,2018,26380,6690.0,4830.0,4830.0,4320.0,0.25360121304018196,0.16376042456406367,0.18309325246398786,0.18309325246398786,0.4173616376042456
Masterton District,2023,29070,6800.0,5280.0,4770.0,5250.0,0.23391812865497075,0.18059855521155832,0.16408668730650156,0.18163054695562436,0.41451668386652907
Matamata-Piako District,1996,30320,7780.0,6320.0,,9880.0,0.25659630606860157,0.3258575197889182,0.0,0.20844327176781002,0.5824538258575198
Matamata-Piako District,2001,30260,7490.0,6050.0,2370.0,8770.0,0.2475214805023133,0.28982154659616655,0.0783212161269002,0.19993390614672835,0.5373430270984798
Matamata-Piako District,2006,31200,7460.0,6390.0,4570.0,7880.0,0.2391025641025641,0.25256410256410255,0.14647435897435898,0.2048076923076923,0.4916666666666667
Matamata-Piako District,2013,32900,7870.0,6180.0,6980.0,5300.0,0.239209726443769,0.16109422492401215,0.2121580547112462,0.1878419452887538,0.4003039513677812
Matamata-Piako District,2018,35330,8240.0,6400.0,6560.0,6200.0,0.23322954995754316,0.17548825360883102,0.1856778941409567,0.1811491650155675,0.4087178035663742
Matamata-Piako District,2023,37630,8450.0,6530.0,6390.0,6830.0,0.22455487642838162,0.1815041190539463,0.16981132075471697,0.17353175657719905,0.40605899548232793
Maungakiekie-Tamaki Local Board Area,1996,61730,15090.0,17120.0,,18870.0,0.2444516442572493,0.3056860521626438,0.0,0.27733678924347965,0.5501376964198931
Maungakiekie-Tamaki Local Board Area,2001,66410,14440.0,18790.0,6060.0,18610.0,0.21743713296190334,0.2802288811925915,0.09125131757265471,0.2829393163680169,0.49766601415449485
Maungakiekie-Tamaki Local Board Area,2006,70400,13830.0,18270.0,11010.0,21170.0,0.19644886363636363,0.3007102272727273,0.15639204545454546,0.25951704545454546,0.49715909090909094
Maungakiekie-Tamaki Local Board Area,2013,73660,13850.0,15610.0,13980.0,18520.0,0.18802606570730382,0.25142546836817814,0.18979093130600055,0.21191963073581319,0.439451534075482
Maungakiekie-Tamaki Local Board Area,2018,80550,12430.0,14780.0,15510.0,22760.0,0.1543140906269398,0.28255741775294846,0.1925512104283054,0.1834885164494103,0.43687150837988825
Maungakiekie-Tamaki Local Board Area,2023,84080,11090.0,14080.0,18610.0,22220.0,0.13189819219790674,0.2642721217887726,0.22133682207421504,0.16745956232159848,0.39617031398667935
Napier City,1996,54870,14660.0,11290.0,,16130.0,0.26717696373245853,0.2939675596865318,0.0,0.2057590668853654,0.5611445234189903
Napier City,2001,55220,14370.0,10910.0,3780.0,15300.0,0.2602318000724375,0.27707352408547625,0.0684534588917059,0.19757334299166968,0.5373053241579138
Napier City,2006,56790,14250.0,11640.0,7600.0,14460.0,0.2509244585314316,0.25462229265715797,0.1338263778834302,0.20496566296883253,0.5055467511885896
Napier City,2013,59590,15150.0,11490.0,12040.0,9250.0,0.2542372881355932,0.15522738714549422,0.20204732337640544,0.19281758684343012,0.40946467528108743
Napier City,2018,64230,15320.0,12450.0,11720.0,10960.0,0.23851782656079715,0.1706367740931029,0.18246925112875603,0.1938346567024755,0.4091546006539001
Napier City,2023,67510,14870.0,12900.0,11330.0,12350.0,0.22026366464227523,0.1829358613538735,0.16782698859428233,0.1910828025477707,0.4031995259961487
Nelson City,1996,41160,11340.0,9310.0,,11280.0,0.2755102040816326,0.27405247813411077,0.0,0.2261904761904762,0.5495626822157433
Nelson City,2001,42880,11620.0,9230.0,2670.0,11520.0,0.27098880597014924,0.26865671641791045,0.06226679104477612,0.21525186567164178,0.5396455223880596
Nelson City,2006,44260,11820.0,9550.0,5290.0,11190.0,0.26705829191143243,0.2528242205151378,0.11952101220063263,0.2157704473565296,0.5198825124265702
Nelson City,2013,48680,13000.0,10120.0,9230.0,7630.0,0.26705012325390304,0.1567378800328677,0.18960558751027115,0.20788824979457682,0.42378800328677074
Nelson City,2018,52690,13030.0,10860.0,9030.0,9450.0,0.247295501992788,0.17935092047826912,0.17137976845701272,0.2061112165496299,0.4266464224710571
Nelson City,2023,55650,12780.0,11160.0,9030.0,10780.0,0.22964959568733154,0.19371069182389938,0.16226415094339622,0.20053908355795147,0.4233602875112309
New Plymouth District,1996,69660,18950.0,14120.0,,21470.0,0.27203560149296585,0.3082113120872811,0.0,0.20269882285386162,0.5802469135802469
New Plymouth District,2001,68470,18080.0,13380.0,4620.0,19310.0,0.26405725135095665,0.28202132320724405,0.0674748064845918,0.19541404994888273,0.5460785745582006
New Plymouth District,2006,71150,18030.0,14720.0,9230.0,18270.0,0.2534082923401265,0.2567814476458187,0.1297259311314125,0.20688685874912158,0.5101897399859452
New Plymouth District,2013,77090,19380.0,15370.0,15200.0,12850.0,0.2513944739914386,0.16668828641847191,0.19717213646387338,0.1993773511480088,0.41808276040991055
New Plymouth District,2018,83280,19240.0,16190.0,14940.0,15260.0,0.23102785782901056,0.18323727185398656,0.17939481268011528,0.19440441882804996,0.4142651296829971
New Plymouth District,2023,88910,18810.0,16610.0,14590.0,17280.0,0.2115622539646834,0.19435384096277133,0.16409852659993251,0.1868181306939602,0.40591609492745473
Opotiki District,1996,9630,2390.0,1780.0,,3560.0,0.2481827622014538,0.36967808930425755,0.0,0.18483904465212878,0.6178608515057114
Opotiki District,2001,9500,2370.0,1690.0,790.0,3020.0,0.24947368421052632,0.3178947368421053,0.08315789473684211,0.17789473684210527,0.5673684210526316
Opotiki District,2006,9190,2290.0,1660.0,1520.0,2440.0,0.24918389553862894,0.26550598476605003,0.16539717083786726,0.18063112078346028,0.514689880304679
Opotiki District,2013,8770,2400.0,1480.0,1980.0,1290.0,0.27366020524515394,0.14709236031927023,0.22576966932725198,0.16875712656784492,0.4207525655644242
Opotiki District,2018,9650,2520.0,1650.0,1800.0,1610.0,0.261139896373057,0.16683937823834197,0.18652849740932642,0.17098445595854922,0.42797927461139895
Opotiki District,2023,10590,2480.0,1850.0,1840.0,1780.0,0.23418319169027385,0.1680830972615675,0.17374881964117092,0.17469310670443816,0.40226628895184136
Orakei Local Board Area,1996,70910,21330.0,16810.0,,17620.0,0.30080383584825837,0.24848399379495134,0.0,0.23706106331970103,0.5492878296432098
Orakei Local Board Area,2001,72990,20940.0,16640.0,4320.0,18540.0,0.2868886148787505,0.25400739827373614,0.059186189889025895,0.22797643512809973,0.5408960131524867
Orakei Local Board Area,2006,78410,20190.0,18290.0,9660.0,20040.0,0.25749266675168986,0.2555796454533861,0.12319857161076393,0.23326106363984186,0.513072312205076
Orakei Local Board Area,2013,83690,20320.0,18570.0,16000.0,15450.0,0.2428008125224041,0.18460986975743818,0.1911817421436253,0.2218903094754451,0.42741068227984225
Orakei Local Board Area,2018,87760,18780.0,19060.0,16730.0,17390.0,0.21399270738377393,0.19815405651777576,0.19063354603463992,0.21718322698268003,0.4121467639015497
Orakei Local Board Area,2023,86180,16690.0,18310.0,15870.0,17120.0,0.1936644233000696,0.19865398004177304,0.1841494546298445,0.212462288233929,0.39231840334184265
Otara-Papatoetoe Local Board Area,1996,67800,15360.0,17660.0,,24760.0,0.22654867256637168,0.36519174041297936,0.0,0.2604719764011799,0.5917404129793511
Otara-Papatoetoe Local Board Area,2001,70370,14530.0,16270.0,7370.0,24200.0,0.20648003410544266,0.34389654682393067,0.10473213016910615,0.23120648003410543,0.5503765809293734
Otara-Papatoetoe Local Board Area,2006,76610,14190.0,16720.0,14280.0,25500.0,0.185223861114737,0.3328547187051299,0.18639864247487273,0.21824827046077536,0.5180785798198668
Otara-Papatoetoe Local Board Area,2013,80280,13820.0,15130.0,20080.0,19290.0,0.17214748380667663,0.24028400597907323,0.2501245640259093,0.1884653712007972,0.41243148978574984
Otara-Papatoetoe Local Board Area,2018,90530,12520.0,15190.0,22320.0,22820.0,0.13829669722743843,0.2520711366397879,0.24654810560035348,0.16778968297801833,0.39036783386722634
Otara-Papatoetoe Local Board Area,2023,96680,11030.0,15030.0,22890.0,23190.0,0.11408771203971865,0.23986346710798512,0.2367604468349193,0.1554613156805958,0.3539511791477038
Otorohanga District,1996,9960,2710.0,2130.0,,3420.0,0.2720883534136546,0.3433734939759036,0.0,0.21385542168674698,0.6154618473895582
Otorohanga District,2001,9580,2310.0,2120.0,740.0,3110.0,0.24112734864300625,0.3246346555323591,0.07724425887265135,0.22129436325678498,0.5657620041753654
Otorohanga District,2006,9310,2270.0,2030.0,1410.0,2640.0,0.24382384532760473,0.28356605800214824,0.1514500537056928,0.21804511278195488,0.527389903329753
Otorohanga District,2013,9590,2270.0,1870.0,2100.0,1730.0,0.23670490093847757,0.18039624608967675,0.21897810218978103,0.19499478623566216,0.4171011470281543
Otorohanga District,2018,10530,2210.0,1960.0,2040.0,2120.0,0.20987654320987653,0.201329534662868,0.19373219373219372,0.18613485280151948,0.41120607787274455
Otorohanga District,2023,10870,2080.0,1950.0,1990.0,2180.0,0.19135234590616376,0.20055197792088317,0.18307267709291627,0.17939282428702852,0.39190432382704693
Palmerston North City,1996,77130,18390.0,22230.0,,23440.0,0.2384286269933878,0.30390250226889665,0.0,0.2882147024504084,0.5423311292622844
Palmerston North City,2001,77160,17660.0,17110.0,5250.0,25980.0,0.22887506480041472,0.33670295489891133,0.06804043545878694,0.22174701918092277,0.5655780196993261
Palmerston North City,2006,80770,17140.0,16440.0,10730.0,27290.0,0.21220750278568776,0.3378729726383558,0.13284635384424912,0.20354091865791754,0.5500804754240436
Palmerston North City,2013,83480,17260.0,15250.0,17760.0,19770.0,0.206756109247724,0.23682319118351702,0.21274556780067083,0.1826784858648778,0.44357930043124105
Palmerston North City,2018,88300,16490.0,15440.0,20710.0,18510.0,0.18674971687429218,0.20962627406568515,0.23454133635334087,0.17485843714609287,0.39637599093997733
Palmerston North City,2023,91810,15500.0,15310.0,21490.0,18400.0,0.16882692517154993,0.2004138982681625,0.23407036270558762,0.1667574338307374,0.36924082343971243
Papakura Local Board Area,1996,37940,9740.0,9320.0,,12640.0,0.2567211386399578,0.3331576172904586,0.0,0.24565102793885082,0.5898787559304164
Papakura Local Board Area,2001,38930,9290.0,8730.0,3300.0,12370.0,0.23863344464423325,0.3177498073465194,0.08476753146673517,0.22424865142563577,0.5563832519907527
Papakura Local Board Area,2006,43130,9200.0,9420.0,7110.0,13010.0,0.21330860190122886,0.30164618594945514,0.16485045212149316,0.21840945977277998,0.5149547878506839
Papakura Local Board Area,2013,48130,9490.0,9480.0,10890.0,10200.0,0.19717431955121545,0.21192603365884063,0.2262622065239975,0.1969665489299813,0.4091003532100561
Papakura Local Board Area,2018,61070,9650.0,10690.0,12720.0,15310.0,0.15801539217291632,0.25069592271164237,0.20828557393155395,0.17504503029310628,0.4087113148845587
Papakura Local Board Area,2023,75740,9110.0,11370.0,15730.0,19410.0,0.1202799049379456,0.25627145497755477,0.20768418273039346,0.15011882756799577,0.37655135991550037
Porirua City,1996,48160,12970.0,11230.0,,17070.0,0.2693106312292359,0.3544435215946844,0.0,0.23318106312292358,0.6237541528239203
Porirua City,2001,49530,12170.0,11390.0,4770.0,16100.0,0.2457096709065213,0.32505552190591563,0.09630526953361598,0.2299616394104583,0.5707651928124369
Porirua City,2006,50580,11490.0,11570.0,8790.0,14750.0,0.22716488730723605,0.2916172400158165,0.1737841043890866,0.22874654013444048,0.5187821273230526
Porirua City,2013,53680,11760.0,11740.0,12490.0,9670.0,0.21907600596125187,0.18014157973174366,0.23267511177347244,0.21870342771982115,0.39921758569299554
Porirua City,2018,58890,10970.0,12140.0,12190.0,11820.0,0.18627950416029887,0.20071319409067753,0.20699609441331296,0.20614705382917303,0.3869926982509764
Porirua City,2023,62350,9720.0,12040.0,12080.0,13100.0,0.15589414595028067,0.21010425020048115,0.1937449879711307,0.19310344827586207,0.3659983961507618
Puketapapa Local Board Area,1996,46120,12220.0,10980.0,,13740.0,0.26496097137901126,0.29791847354726797,0.0,0.2380745880312229,0.5628794449262793
Puketapapa Local Board Area,2001,49780,12220.0,11350.0,3450.0,15180.0,0.2454801124949779,0.3049417436721575,0.06930494174367216,0.2280032141422258,0.5504218561671353
Puketapapa Local Board Area,2006,53900,11880.0,11850.0,6720.0,17570.0,0.22040816326530613,0.32597402597402597,0.12467532467532468,0.21985157699443414,0.5463821892393321
Puketapapa Local Board Area,2013,56360,11940.0,11050.0,11030.0,14060.0,0.21185237757274664,0.24946770759403833,0.19570617459190914,0.1960610361958836,0.46132008516678497
Puketapapa Local Board Area,2018,60910,10860.0,10830.0,12890.0,15790.0,0.1782958463306518,0.25923493679198817,0.21162370710884912,0.1778033163684124,0.43753078312263993
Puketapapa Local Board Area,2023,61090,9790.0,10240.0,13630.0,14930.0,0.16025536094287118,0.24439351776068097,0.22311343918808316,0.16762154198723195,0.40464887870355215
Queenstown-Lakes District,1996,14820,4100.0,4590.0,,3480.0,0.2766531713900135,0.23481781376518218,0.0,0.3097165991902834,0.5114709851551957
Queenstown-Lakes District,2001,17860,4610.0,5080.0,1170.0,4470.0,0.25811870100783874,0.25027995520716684,0.06550951847704367,0.284434490481523,0.5083986562150056
Queenstown-Lakes District,2006,24110,5510.0,6870.0,2680.0,7000.0,0.22853587722936541,0.2903359601824969,0.11115719618415595,0.2849440066362505,0.5188718374118624
Queenstown-Lakes District,2013,29710,6390.0,7280.0,4610.0,7360.0,0.21507909794681926,0.24772803769774487,0.15516661056883205,0.24503534163581286,0.4628071356445641
Queenstown-Lakes District,2018,42460,6910.0,8270.0,6740.0,14370.0,0.16274140367404616,0.33843617522374,0.15873763542157324,0.19477154969382948,0.5011775788977861
Queenstown-Lakes District,2023,52800,7210.0,8920.0,10970.0,16860.0,0.13655303030303031,0.31931818181818183,0.2077651515151515,0.16893939393939394,0.4558712121212122
Rangitikei District,1996,16750,4310.0,3490.0,,5570.0,0.2573134328358209,0.3325373134328358,0.0,0.2083582089552239,0.5898507462686567
Rangitikei District,2001,15530,3960.0,3060.0,1210.0,4540.0,0.2549903412749517,0.29233741146168707,0.07791371538956858,0.19703799098518995,0.5473277527366387
Rangitikei District,2006,15150,3930.0,2970.0,2150.0,3910.0,0.2594059405940594,0.2580858085808581,0.1419141914191419,0.19603960396039605,0.5174917491749176
Rangitikei District,2013,14530,3830.0,2700.0,2930.0,2320.0,0.26359256710254647,0.1596696490020647,0.20165175498967652,0.1858224363386098,0.4232622161046112
Rangitikei District,2018,15450,3910.0,2810.0,2820.0,2620.0,0.2530744336569579,0.16957928802588998,0.1825242718446602,0.1818770226537217,0.42265372168284787
Rangitikei District,2023,16290,3760.0,2950.0,2810.0,2830.0,0.23081645181092694,0.17372621240024555,0.17249846531614488,0.1810926949048496,0.40454266421117246
Rodney Local Board Area,1996,38990,11960.0,7130.0,,11770.0,0.30674531931264426,0.3018722749422929,0.0,0.18286740189792255,0.6086175942549372
Rodney Local Board Area,2001,44160,13020.0,8800.0,3130.0,11940.0,0.29483695652173914,0.2703804347826087,0.07087862318840579,0.19927536231884058,0.5652173913043479
Rodney Local Board Area,2006,50950,14180.0,11570.0,7360.0,11750.0,0.27831207065750735,0.23061825318940138,0.14445534838076546,0.2270853778213935,0.5089303238469087
Rodney Local Board Area,2013,57320,15890.0,12470.0,12250.0,7780.0,0.2772156315422191,0.13572923935799022,0.21371249127704117,0.2175505931612003,0.41294487090020937
Rodney Local Board Area,2018,69100,16760.0,15160.0,12470.0,11620.0,0.24254703328509405,0.16816208393632417,0.1804630969609262,0.21939218523878437,0.41070911722141823
Rodney Local Board Area,2023,80980,16740.0,16850.0,12810.0,15860.0,0.20671770807606815,0.19585082736478143,0.15818720671770808,0.208076068164979,0.4025685354408496
Rotorua District,1996,66590,17220.0,15090.0,,22800.0,0.2585973869950443,0.3423937528157381,0.0,0.2266106021925214,0.6009911398107823
Rotorua District,2001,66880,16590.0,14380.0,5630.0,20700.0,0.24805622009569378,0.30950956937799046,0.08418062200956938,0.21501196172248804,0.5575657894736843
Rotorua District,2006,68080,15900.0,14590.0,11100.0,18940.0,0.2335487661574618,0.2782021151586369,0.16304347826086957,0.21430669800235017,0.5117508813160987
Rotorua District,2013,68450,15910.0,13580.0,15610.0,11910.0,0.23243243243243245,0.17399561723886048,0.22804967129291454,0.19839298758217677,0.4064280496712929
Rotorua District,2018,74780,15200.0,14450.0,15300.0,14590.0,0.20326290451992512,0.19510564322011234,0.20460016047071408,0.19323348488900777,0.3983685477400375
Rotorua District,2023,78160,13880.0,14440.0,14800.0,15560.0,0.17758444216990787,0.19907881269191402,0.18935516888433981,0.18474923234390994,0.3766632548618219
Ruapehu District,1996,17310,4300.0,4300.0,,6150.0,0.24841132293471982,0.35528596187175043,0.0,0.24841132293471982,0.6036972848064702
Ruapehu District,2001,15010,3660.0,3330.0,1320.0,4690.0,0.24383744170552965,0.31245836109260494,0.08794137241838774,0.22185209860093272,0.5562958027981346
Ruapehu District,2006,14020,3470.0,2900.0,2240.0,3930.0,0.24750356633380885,0.28031383737517834,0.15977175463623394,0.20684736091298145,0.5278174037089872
Ruapehu District,2013,12440,3160.0,2300.0,2690.0,2180.0,0.2540192926045016,0.1752411575562701,0.2162379421221865,0.18488745980707397,0.42926045016077174
Ruapehu District,2018,12770,3160.0,2350.0,2300.0,2340.0,0.24745497259201252,0.18324197337509787,0.18010963194988253,0.18402505873140174,0.4306969459671104
Ruapehu District,2023,13060,3060.0,2420.0,2080.0,2390.0,0.2343032159264931,0.18300153139356815,0.15926493108728942,0.18529862174578868,0.4173047473200613
Selwyn District,1996,25460,7630.0,5880.0,,7910.0,0.2996857816182247,0.31068342498036133,0.0,0.23095051060487037,0.610369206598586
Selwyn District,2001,28290,8150.0,6200.0,2000.0,8440.0,0.2880876634853305,0.29833863556026863,0.07069635913750442,0.2191587133262637,0.5864262990455991
Selwyn District,2006,34930,9160.0,8460.0,5080.0,9080.0,0.2622387632407672,0.25994846836530205,0.14543372459204124,0.24219868308044662,0.5221872316060693
Selwyn District,2013,46720,11220.0,11130.0,10830.0,7350.0,0.2401541095890411,0.15732020547945205,0.23180650684931506,0.2382277397260274,0.3974743150684932
Selwyn District,2018,63330,12600.0,14460.0,12720.0,12210.0,0.1989578398863098,0.19279962103268594,0.2008526764566556,0.22832780672666983,0.39175746091899577
Selwyn District,2023,81290,13450.0,16620.0,14360.0,18190.0,0.16545700578176897,0.22376676097921022,0.1766514946487883,0.2044531922745725,0.3892237667609792
South Taranaki District,1996,29810,7610.0,6320.0,,10030.0,0.25528346192552837,0.3364642737336464,0.0,0.21200939282120093,0.5917477356591747
South Taranaki District,2001,28350,6990.0,5910.0,2180.0,8540.0,0.24656084656084656,0.3012345679012346,0.07689594356261023,0.20846560846560847,0.5477954144620811
South Taranaki District,2006,27160,6510.0,5680.0,4180.0,7210.0,0.23969072164948454,0.2654639175257732,0.15390279823269515,0.20913107511045656,0.5051546391752577
South Taranaki District,2013,27440,6500.0,5340.0,5920.0,4860.0,0.2368804664723032,0.17711370262390672,0.21574344023323616,0.1946064139941691,0.4139941690962099
South Taranaki District,2018,28340,6270.0,5530.0,5270.0,5210.0,0.221242060691602,0.1838390966831334,0.18595624558927312,0.19513055751587863,0.4050811573747354
South Taranaki District,2023,29580,5930.0,5730.0,4880.0,5630.0,0.200473292765382,0.19033130493576741,0.1649763353617309,0.19371196754563894,0.3908045977011494
South Waikato District,1996,25830,6430.0,5670.0,,9700.0,0.2489353464963221,0.37553232675183895,0.0,0.21951219512195122,0.6244676732481611
South Waikato District,2001,24270,5810.0,5080.0,2220.0,7790.0,0.23939019365471775,0.32097239390193655,0.09147095179233622,0.2093119077049856,0.5603625875566542
South Waikato District,2006,23230,5380.0,4700.0,3860.0,6390.0,0.23159707275075334,0.27507533362031855,0.16616444253120966,0.20232458028411537,0.5066724063710719
South Waikato District,2013,23170,5510.0,4360.0,5330.0,3710.0,0.23780750971083298,0.16012084592145015,0.2300388433318947,0.1881743634009495,0.3979283556322831
South Waikato District,2018,24830,5530.0,4570.0,4880.0,4320.0,0.22271445831655257,0.17398308497784937,0.19653644784534838,0.18405155054369715,0.39669754329440193
South Waikato District,2023,26000,5250.0,4630.0,4660.0,4570.0,0.20192307692307693,0.17576923076923076,0.17923076923076922,0.17807692307692308,0.37769230769230766
South Wairarapa District,1996,9160,2580.0,1600.0,,2830.0,0.2816593886462882,0.3089519650655022,0.0,0.17467248908296942,0.5906113537117904
South Wairarapa District,2001,8950,2610.0,1650.0,620.0,2240.0,0.2916201117318436,0.25027932960893856,0.06927374301675977,0.18435754189944134,0.5418994413407822
South Wairarapa District,2006,9130,2740.0,1880.0,1220.0,1780.0,0.30010952902519167,0.1949616648411829,0.13362541073384446,0.2059145673603505,0.49507119386637455
South Wairarapa District,2013,9770,2960.0,1990.0,1800.0,1180.0,0.3029682702149437,0.12077789150460594,0.1842374616171955,0.20368474923234392,0.42374616171954965
South Wairarapa District,2018,10910,3240.0,2360.0,1570.0,1590.0,0.29697525206232817,0.1457378551787351,0.14390467461044912,0.21631530705774518,0.4427131072410633
South Wairarapa District,2023,11860,3300.0,2610.0,1450.0,1930.0,0.2782462057335582,0.1627318718381113,0.12225969645868466,0.22006745362563238,0.4409780775716695
Southland District,1996,31190,9050.0,6200.0,,10100.0,0.29015710163513947,0.323821737736454,0.0,0.19878166078871434,0.6139788393715935
Southland District,2001,29390,8430.0,6080.0,1980.0,8260.0,0.2868322558693433,0.2810479755018714,0.06736985369173189,0.20687308608370195,0.5678802313712147
Southland District,2006,29210,7820.0,6490.0,4200.0,7290.0,0.2677165354330709,0.24957206436152002,0.1437863745292708,0.22218418349880178,0.5172885997945909
Southland District,2013,30310,7630.0,6370.0,6360.0,5100.0,0.2517321016166282,0.16826129990102276,0.20983173870009897,0.21016166281755197,0.41999340151765097
Southland District,2018,31870,7420.0,6360.0,5710.0,6210.0,0.23282083464072795,0.19485409475996235,0.17916535927204266,0.19956071540633824,0.4276749294006903
Southland District,2023,32980,6980.0,6360.0,5360.0,6760.0,0.21164342025469982,0.20497271073377804,0.16252274105518497,0.19284414796846575,0.41661613098847783
Stratford District,1996,9740,2440.0,1990.0,,3200.0,0.25051334702258726,0.32854209445585214,0.0,0.20431211498973306,0.5790554414784395
Stratford District,2001,9130,2300.0,1760.0,620.0,2740.0,0.25191675794085433,0.30010952902519167,0.06790799561883899,0.1927710843373494,0.5520262869660459
Stratford District,2006,9120,2220.0,1790.0,1290.0,2440.0,0.24342105263157895,0.2675438596491228,0.14144736842105263,0.1962719298245614,0.5109649122807017
Stratford District,2013,9230,2160.0,1800.0,1960.0,1580.0,0.23401950162513543,0.17118093174431204,0.2123510292524377,0.19501625135427952,0.40520043336944744
Stratford District,2018,9710,2200.0,1820.0,1750.0,1800.0,0.22657054582904224,0.18537590113285274,0.18022657054582905,0.1874356333676622,0.411946446961895
Stratford District,2023,10270,2190.0,1830.0,1670.0,1910.0,0.21324245374878287,0.18597857838364168,0.1626095423563778,0.17818889970788704,0.39922103213242455
Tararua District,1996,19530,5210.0,3710.0,,6590.0,0.2667690732206861,0.3374295954941116,0.0,0.18996415770609318,0.6041986687147978
Tararua District,2001,18320,4820.0,3550.0,1390.0,5340.0,0.2631004366812227,0.2914847161572052,0.07587336244541484,0.1937772925764192,0.5545851528384279
Tararua District,2006,18080,4620.0,3710.0,2740.0,4490.0,0.2555309734513274,0.24834070796460178,0.1515486725663717,0.2051991150442478,0.5038716814159292
Tararua District,2013,17450,4600.0,3300.0,3680.0,2560.0,0.2636103151862464,0.1467048710601719,0.21088825214899715,0.18911174785100288,0.4103151862464183
Tararua District,2018,18450,4620.0,3520.0,3390.0,3000.0,0.25040650406504067,0.16260162601626016,0.183739837398374,0.1907859078590786,0.41300813008130083
Tararua District,2023,19190,4490.0,3690.0,3090.0,3300.0,0.23397602918186555,0.1719645648775404,0.16102136529442418,0.19228764981761334,0.40594059405940597
Tasman District,1996,38770,11410.0,7630.0,,11580.0,0.29429971627547075,0.29868454990972404,0.0,0.1968016507608976,0.5929842661851947
Tasman District,2001,42440,12200.0,8620.0,2830.0,11360.0,0.2874646559849199,0.26767200754005654,0.06668237511781339,0.20311027332704995,0.5551366635249764
Tasman District,2006,45810,13180.0,9850.0,6200.0,10330.0,0.2877101069635451,0.22549661645928837,0.13534162846540057,0.2150185549006767,0.5132067234228335
Tasman District,2013,48800,14230.0,10220.0,9890.0,5970.0,0.2915983606557377,0.1223360655737705,0.20266393442622951,0.20942622950819673,0.41393442622950816
Tasman District,2018,54020,15120.0,11640.0,9310.0,7780.0,0.27989633469085523,0.14402073306182894,0.1723435764531655,0.21547574972232506,0.4239170677526842
Tasman District,2023,59360,15500.0,12620.0,9120.0,9660.0,0.2611185983827493,0.16273584905660377,0.15363881401617252,0.2126010781671159,0.4238544474393531
Taupo District,1996,31630,8370.0,6960.0,,10240.0,0.26462219411950677,0.32374328169459377,0.0,0.22004426177679418,0.5883654758141006
Taupo District,2001,32540,8330.0,6890.0,2530.0,9320.0,0.2559926244622004,0.2864167178856792,0.07775046097111248,0.21173939766441302,0.5424093423478795
Taupo District,2006,33430,8500.0,7100.0,4770.0,8530.0,0.25426263834878854,0.25516003589590186,0.14268620999102602,0.21238408615016452,0.5094226742446903
Taupo District,2013,34760,8780.0,6860.0,7060.0,5690.0,0.2525891829689298,0.1636939010356732,0.20310701956271576,0.19735327963176064,0.416283084004603
Taupo District,2018,38590,9510.0,7400.0,6700.0,6900.0,0.24643690075149002,0.17880279865250065,0.17362010883648613,0.19175952319253692,0.42523969940399065
Taupo District,2023,41970,9960.0,7940.0,6520.0,7740.0,0.23731236597569694,0.18441744102930666,0.15534905885156064,0.1891827495830355,0.4217298070050036
Tauranga City,1996,80080,20680.0,16000.0,,22410.0,0.25824175824175827,0.2798451548451548,0.0,0.1998001998001998,0.538086913086913
Tauranga City,2001,93850,23450.0,18760.0,6660.0,24620.0,0.24986680873734682,0.26233351092168355,0.07096430474160895,0.19989344698987746,0.5122003196590303
Tauranga City,2006,107330,25580.0,22040.0,14620.0,26520.0,0.23833038293114692,0.24708841889499675,0.13621541041647256,0.20534799217367,0.48541880182614366
Tauranga City,2013,120220,28600.0,23660.0,23940.0,19370.0,0.23789718848777242,0.16112127765762768,0.19913491931458993,0.19680585593079356,0.3990184661454001
Tauranga City,2018,142490,31290.0,27090.0,25030.0,27180.0,0.21959435749877185,0.1907502280861815,0.1756614499263106,0.19011860481437293,0.41034458558495335
Tauranga City,2023,161830,32190.0,28800.0,27300.0,33300.0,0.19891243897917568,0.20577148859914726,0.16869554470740902,0.17796453068034357,0.40468392757832294
Thames-Coromandel District,1996,25350,6730.0,4110.0,,6510.0,0.2654832347140039,0.25680473372781065,0.0,0.1621301775147929,0.5222879684418146
Thames-Coromandel District,2001,25810,7310.0,4260.0,1450.0,5730.0,0.28322355676094535,0.22200697404106937,0.056179775280898875,0.16505230530802015,0.5052305308020147
Thames-Coromandel District,2006,26670,8170.0,4740.0,2970.0,5130.0,0.3063367079115111,0.1923509561304837,0.11136107986501688,0.17772778402699663,0.49868766404199477
Thames-Coromandel District,2013,27330,9150.0,4630.0,4430.0,2930.0,0.33479692645444564,0.10720819612147824,0.16209293816319062,0.16941090376875229,0.4420051225759239
Thames-Coromandel District,2018,30680,11060.0,5250.0,4080.0,3720.0,0.3604954367666232,0.121251629726206,0.13298565840938723,0.17112125162972622,0.4817470664928292
Thames-Coromandel District,2023,33650,12250.0,6040.0,3720.0,4560.0,0.3640416047548291,0.13551263001485883,0.11054977711738484,0.17949479940564636,0.49955423476968797
Timaru District,1996,43460,11890.0,8120.0,,12140.0,0.27358490566037735,0.27933732167510356,0.0,0.18683847215830648,0.5529222273354809
Timaru District,2001,42810,11650.0,7990.0,2620.0,10940.0,0.2721326792805419,0.25554776921280076,0.0612006540527914,0.18663863583274937,0.5276804484933426
Timaru District,2006,43830,11970.0,8660.0,5140.0,10040.0,0.2731006160164271,0.22906684919005246,0.11727127538215834,0.19758156513803332,0.5021674652064796
Timaru District,2013,45450,12530.0,8700.0,8530.0,6510.0,0.27568756875687567,0.14323432343234324,0.18767876787678767,0.19141914191419143,0.41892189218921894
Timaru District,2018,47630,12350.0,9140.0,8020.0,7970.0,0.2592903632164602,0.16733151375183708,0.1683812723073693,0.1918958639512912,0.4266218769682973
Timaru District,2023,48910,11770.0,9220.0,7690.0,8910.0,0.24064608464526682,0.18217133510529543,0.15722756082600695,0.1885095072582294,0.42281741975056225
"Total, New Zealand",1996,3731980,1002410.0,867210.0,,1130370.0,0.26860004608813554,0.302887475281218,0.0,0.2323726279347692,0.5714875213693535
"Total, New Zealand",2001,3880480,992920.0,855560.0,281000.0,1129460.0,0.25587556178617077,0.29106193048282686,0.0724137220137715,0.22047787902527521,0.5469374922689976
"Total, New Zealand",2006,4184580,998480.0,921060.0,577880.0,1175540.0,0.23860937059394252,0.2809218607363224,0.13809749126555115,0.2201081112082933,0.5195312313302649
"Total, New Zealand",2013,4442090,1032200.0,904920.0,909320.0,863500.0,0.23236809699938543,0.19439047835590903,0.2047054427082747,0.20371491797779873,0.4267585753552945
"Total, New Zealand",2018,4900620,1014150.0,954940.0,970940.0,1019480.0,0.20694320310491326,0.2080308205900478,0.19812595141022973,0.19486105839669265,0.41497402369496106
"Total, New Zealand",2023,5223060,969010.0,966300.0,1010650.0,1102490.0,0.18552534338108312,0.211081243562203,0.1934976814357867,0.1850064904481281,0.3966065869432861
Upper Harbour Local Board Area,1996,24340,7560.0,6330.0,,7320.0,0.3105998356614626,0.30073952341824156,0.0,0.2600657354149548,0.6113393590797042
Upper Harbour Local Board Area,2001,33740,9360.0,8400.0,2490.0,10130.0,0.27741553052756374,0.3002371072910492,0.07379964433906343,0.24896265560165975,0.5776526378186129
Upper Harbour Local Board Area,2006,45060,10710.0,10970.0,6190.0,13300.0,0.23768308921438083,0.29516200621393696,0.13737239236573456,0.2434531735463826,0.5328450954283178
Upper Harbour Local Board Area,2013,56790,12330.0,12720.0,11800.0,12490.0,0.21711568938193343,0.21993308681105828,0.20778306039795738,0.22398309561542526,0.4370487761929917
Upper Harbour Local Board Area,2018,66870,11930.0,13490.0,13610.0,16100.0,0.1784058621205324,0.24076566472259608,0.2035292358307163,0.20173470913713173,0.4191715268431285
Upper Harbour Local Board Area,2023,74450,12000.0,13070.0,13790.0,18870.0,0.16118200134318333,0.2534586971121558,0.1852249832102082,0.1755540631296172,0.41464069845533913
Upper Hutt City,1996,37670,10330.0,8530.0,,11800.0,0.27422352004247413,0.3132466153437749,0.0,0.22644013804088134,0.587470135386249
Upper Hutt City,2001,37670,9840.0,8180.0,2770.0,11030.0,0.2612158216087072,0.2928059463764269,0.07353331563578444,0.21714892487390497,0.554021767985134
Upper Hutt City,2006,39660,9680.0,8980.0,5540.0,10530.0,0.24407463439233484,0.26550680786686837,0.13968734241048916,0.2264246091780131,0.5095814422592032
Upper Hutt City,2013,41360,9830.0,9220.0,8460.0,6970.0,0.23766924564796904,0.16852030947775629,0.20454545454545456,0.22292069632495165,0.4061895551257253
Upper Hutt City,2018,45380,9310.0,9710.0,8410.0,9100.0,0.20515645658880563,0.2005288673424416,0.18532393124724547,0.21397091229616572,0.40568532393124723
Upper Hutt City,2023,48280,8540.0,9510.0,8560.0,10430.0,0.17688483844241923,0.21603148301574152,0.17729908864954433,0.19697597348798673,0.39291632145816074
Waiheke Local Board Area,1996,6670,2120.0,1140.0,,1660.0,0.31784107946026985,0.24887556221889057,0.0,0.17091454272863568,0.5667166416791605
Waiheke Local Board Area,2001,7560,2470.0,1480.0,480.0,1680.0,0.32671957671957674,0.2222222222222222,0.06349206349206349,0.19576719576719576,0.548941798941799
Waiheke Local Board Area,2006,8150,2460.0,1960.0,1020.0,1650.0,0.301840490797546,0.20245398773006135,0.12515337423312883,0.24049079754601227,0.5042944785276073
Waiheke Local Board Area,2013,8630,2690.0,1960.0,1430.0,1080.0,0.31170336037079954,0.12514484356894554,0.1657010428736964,0.22711471610660486,0.4368482039397451
Waiheke Local Board Area,2018,9360,2760.0,2130.0,1330.0,1600.0,0.2948717948717949,0.17094017094017094,0.1420940170940171,0.22756410256410256,0.4658119658119658
Waiheke Local Board Area,2023,9410,2690.0,2110.0,1170.0,1870.0,0.2858660998937301,0.19872476089266738,0.12433581296493093,0.22422954303931988,0.48459086078639746
Waikato District,1996,51960,14340.0,10700.0,,18130.0,0.2759815242494226,0.3489222478829869,0.0,0.20592763664357197,0.6249037721324096
Waikato District,2001,53700,14390.0,11140.0,4570.0,16520.0,0.26797020484171324,0.307635009310987,0.0851024208566108,0.2074487895716946,0.5756052141527002
Waikato District,2006,59530,15180.0,13090.0,9770.0,15690.0,0.25499748026205277,0.2635645892827146,0.16411893163111035,0.21988913153032086,0.5185620695447674
Waikato District,2013,66540,16110.0,14540.0,15580.0,10460.0,0.24211000901713256,0.15719867748722574,0.2341448752629997,0.2185151788397956,0.3993086865043583
Waikato District,2018,78180,16250.0,16840.0,15690.0,14160.0,0.207853671015605,0.18112049117421336,0.20069071373752878,0.2154003581478639,0.3889741621898184
Waikato District,2023,90120,15840.0,18220.0,15700.0,18030.0,0.17576564580559254,0.2000665778961385,0.1742121615623613,0.20217487794052375,0.375832223701731
Waimakariri District,1996,33060,9870.0,6600.0,,9760.0,0.2985480943738657,0.29522081064730793,0.0,0.1996370235934664,0.5937689050211736
Waimakariri District,2001,37940,10840.0,7930.0,2830.0,9940.0,0.2857142857142857,0.26199261992619927,0.07459146020031629,0.20901423299947286,0.547706905640485
Waimakariri District,2006,44050,11990.0,9880.0,6290.0,9740.0,0.27219069239500565,0.22111237230419978,0.1427922814982974,0.22429057888762768,0.49330306469920543
Waimakariri District,2013,52260,14070.0,11560.0,11270.0,6610.0,0.2692307692307692,0.12648296976655185,0.2156525066972828,0.22120168388825107,0.3957137389973211
Waimakariri District,2018,61340,15190.0,13230.0,11310.0,9590.0,0.24763612650798827,0.15634170198891426,0.18438213237691556,0.21568307792631236,0.40397782849690256
Waimakariri District,2023,69000,16280.0,14320.0,10780.0,12190.0,0.23594202898550726,0.17666666666666667,0.156231884057971,0.20753623188405798,0.41260869565217395
Waimate District,1996,7800,2180.0,1240.0,,2310.0,0.2794871794871795,0.29615384615384616,0.0,0.15897435897435896,0.5756410256410256
Waimate District,2001,7230,2060.0,1220.0,440.0,1790.0,0.28492392807745504,0.2475795297372061,0.06085753803596127,0.16874135546334718,0.5325034578146611
Waimate District,2006,7350,2110.0,1370.0,910.0,1530.0,0.2870748299319728,0.20816326530612245,0.12380952380952381,0.18639455782312925,0.49523809523809526
Waimate District,2013,7820,2280.0,1480.0,1460.0,960.0,0.2915601023017903,0.12276214833759591,0.1867007672634271,0.18925831202046037,0.4143222506393862
Waimate District,2018,8120,2290.0,1580.0,1260.0,1320.0,0.28201970443349755,0.1625615763546798,0.15517241379310345,0.19458128078817735,0.4445812807881774
Waimate District,2023,8400,2170.0,1680.0,1170.0,1510.0,0.25833333333333336,0.17976190476190476,0.1392857142857143,0.2,0.4380952380952381
Waipa District,1996,38390,10470.0,7680.0,,12430.0,0.2727272727272727,0.3237822349570201,0.0,0.20005209690023443,0.5965095076842928
Waipa District,2001,40030,10570.0,8170.0,2850.0,11560.0,0.26405196102922807,0.2887834124406695,0.07119660254808893,0.2040969273045216,0.5528353734698976
Waipa District,2006,43680,10970.0,9360.0,6190.0,10930.0,0.25114468864468864,0.25022893772893773,0.1417124542124542,0.21428571428571427,0.5013736263736264
Waipa District,2013,48650,12050.0,9990.0,10620.0,7430.0,0.24768756423432683,0.1527235354573484,0.2182939362795478,0.205344295991778,0.4004110996916752
Waipa District,2018,54990,12260.0,11020.0,10540.0,9490.0,0.22294962720494635,0.17257683215130024,0.1916712129478087,0.2004000727404983,0.3955264593562466
Waipa District,2023,61140,12570.0,11530.0,10420.0,11320.0,0.2055937193326791,0.1851488387307818,0.17042852469741576,0.18858357867190056,0.3907425580634609
Wairoa District,1996,10240,2610.0,1950.0,,3800.0,0.2548828125,0.37109375,0.0,0.1904296875,0.6259765625
Wairoa District,2001,9250,2380.0,1710.0,790.0,2930.0,0.2572972972972973,0.31675675675675674,0.08540540540540541,0.18486486486486486,0.574054054054054
Wairoa District,2006,8720,2320.0,1590.0,1470.0,2300.0,0.26605504587155965,0.26376146788990823,0.16857798165137614,0.1823394495412844,0.5298165137614679
Wairoa District,2013,8310,2190.0,1370.0,1950.0,1240.0,0.26353790613718414,0.14921780986762936,0.23465703971119134,0.1648616125150421,0.41275571600481353
Wairoa District,2018,8710,2210.0,1470.0,1740.0,1390.0,0.2537313432835821,0.15958668197474168,0.1997703788748565,0.1687715269804822,0.4133180252583238
Wairoa District,2023,9270,2070.0,1620.0,1670.0,1510.0,0.22330097087378642,0.162891046386192,0.18015102481121897,0.17475728155339806,0.3861920172599784
Waitakere Ranges Local Board Area,1996,42070,12870.0,9970.0,,13640.0,0.30591870691704304,0.3242215355360114,0.0,0.23698597575469454,0.6301402424530544
Waitakere Ranges Local Board Area,2001,44220,12060.0,10840.0,3520.0,13230.0,0.2727272727272727,0.29918588873812757,0.07960199004975124,0.24513794663048394,0.5719131614654003
Waitakere Ranges Local Board Area,2006,47450,11220.0,12360.0,7530.0,12870.0,0.23645943097997893,0.27123287671232876,0.15869336143308746,0.2604847207586934,0.5076923076923077
Waitakere Ranges Local Board Area,2013,50730,11370.0,12250.0,11020.0,9220.0,0.2241277350680071,0.1817465010841711,0.21722846441947566,0.24147447269860042,0.4058742361521782
Waitakere Ranges Local Board Area,2018,54240,10210.0,12410.0,10730.0,11250.0,0.18823746312684367,0.20741150442477876,0.19782448377581122,0.22879793510324484,0.39564896755162243
Waitakere Ranges Local Board Area,2023,55560,8880.0,11840.0,10320.0,12240.0,0.15982721382289417,0.2203023758099352,0.1857451403887689,0.21310295176385888,0.3801295896328294
Waitaki District,1996,22000,5990.0,3820.0,,6110.0,0.2722727272727273,0.2777272727272727,0.0,0.17363636363636364,0.55
Waitaki District,2001,20490,5800.0,3470.0,1190.0,4870.0,0.28306490971205467,0.23767691556857004,0.05807711078574915,0.1693509028794534,0.5207418252806247
Waitaki District,2006,20650,6050.0,3860.0,2430.0,4150.0,0.2929782082324455,0.2009685230024213,0.11767554479418886,0.18692493946731234,0.4939467312348668
Waitaki District,2013,21420,6220.0,3950.0,3910.0,2810.0,0.2903828197945845,0.1311858076563959,0.18253968253968253,0.18440709617180207,0.42156862745098045
Waitaki District,2018,22910,6270.0,4260.0,3780.0,3650.0,0.2736796158882584,0.15931907463989525,0.16499345264076823,0.18594500218245308,0.43299869052815365
Waitaki District,2023,24350,6140.0,4490.0,3880.0,4390.0,0.2521560574948665,0.18028747433264888,0.1593429158110883,0.184394250513347,0.4324435318275154
Waitemata Local Board Area,1996,44870,12450.0,17120.0,,9220.0,0.27746824158680633,0.20548250501448628,0.0,0.38154669043904615,0.4829507466012926
Waitemata Local Board Area,2001,52450,12180.0,18710.0,2420.0,14340.0,0.23222116301239276,0.27340324118207815,0.04613918017159199,0.3567206863679695,0.5056244041944709
Waitemata Local Board Area,2006,66660,12720.0,17850.0,4840.0,27470.0,0.19081908190819083,0.41209120912091207,0.07260726072607261,0.26777677767776775,0.6029102910291029
Waitemata Local Board Area,2013,81350,13720.0,16010.0,10800.0,34420.0,0.1686539643515673,0.4231100184388445,0.13275968039336203,0.1968039336201598,0.5917639827904118
Waitemata Local Board Area,2018,88490,12610.0,15060.0,19580.0,33480.0,0.14250197762459035,0.37834783591366256,0.22126793988021246,0.17018872188947903,0.5208498135382529
Waitemata Local Board Area,2023,86670,11600.0,14680.0,23690.0,27640.0,0.13384100611514943,0.31891081112264913,0.27333564093688706,0.1693781008422753,0.45275181723779856
Waitomo District,1996,10030,2730.0,2030.0,,3430.0,0.27218344965104685,0.3419740777666999,0.0,0.2023928215353938,0.6141575274177468
Waitomo District,2001,9790,2520.0,1980.0,820.0,3010.0,0.2574055158324821,0.30745658835546474,0.08375893769152196,0.20224719101123595,0.5648621041879469
Waitomo District,2006,9670,2320.0,1980.0,1620.0,2640.0,0.23991726990692863,0.2730093071354705,0.16752843846949328,0.2047569803516029,0.5129265770423992
Waitomo District,2013,9330,2320.0,1720.0,2170.0,1560.0,0.24866023579849947,0.16720257234726688,0.23258306538049303,0.18435155412647375,0.41586280814576637
Waitomo District,2018,9620,2220.0,1790.0,1920.0,1720.0,0.23076923076923078,0.1787941787941788,0.1995841995841996,0.18607068607068608,0.4095634095634096
Waitomo District,2023,9720,2050.0,1820.0,1710.0,1750.0,0.2109053497942387,0.1800411522633745,0.17592592592592593,0.18724279835390947,0.39094650205761317
Wellington City,1996,163410,45550.0,50710.0,,41310.0,0.27874671072761764,0.2527997062603268,0.0,0.3103237255981886,0.5315464169879445
Wellington City,2001,171160,42610.0,49010.0,11190.0,47950.0,0.24894835241878943,0.2801472306613695,0.06537742463192335,0.28634026641738725,0.5290955830801589
Wellington City,2006,187670,40170.0,48460.0,22130.0,61260.0,0.21404593168860234,0.3264240422017371,0.11791975275749987,0.2582192145787819,0.5404699738903395
Wellington City,2013,197460,38920.0,44200.0,36350.0,53670.0,0.1971032107768662,0.2718018839258584,0.18408791654005874,0.2238428036057936,0.4689050947027246
Wellington City,2018,211140,34740.0,43070.0,48600.0,54050.0,0.16453537936913895,0.2559912854030501,0.23017902813299232,0.20398787534337406,0.42052666477218903
Wellington City,2023,216230,30030.0,40460.0,61550.0,48860.0,0.1388798964066041,0.22596309485270313,0.2846506035240253,0.18711557138232437,0.3648429912593072
Western Bay of Plenty District,1996,35370,9970.0,5930.0,,10830.0,0.28187729714447274,0.3061916878710772,0.0,0.16765620582414476,0.5880689850155499
Western Bay of Plenty District,2001,38660,10900.0,6780.0,2620.0,10530.0,0.28194516295913086,0.27237454733574756,0.0677703052250388,0.17537506466632177,0.5543197102948785
Western Bay of Plenty District,2006,42630,12310.0,8380.0,5660.0,9560.0,0.28876378137461883,0.22425521932911097,0.13277034951911798,0.19657518179685668,0.5130190007037299
Western Bay of Plenty District,2013,45100,13200.0,8560.0,9150.0,5760.0,0.2926829268292683,0.12771618625277162,0.20288248337028825,0.18980044345898003,0.4203991130820399
Western Bay of Plenty District,2018,53000,14730.0,10320.0,9150.0,8220.0,0.2779245283018868,0.15509433962264152,0.17264150943396225,0.19471698113207547,0.4330188679245283
Western Bay of Plenty District,2023,60790,15520.0,11830.0,8990.0,10870.0,0.2553051488731699,0.17881230465537096,0.1478861654877447,0.19460437571969075,0.43411745352854086
Westland District,1996,8440,2440.0,1800.0,,2540.0,0.2890995260663507,0.3009478672985782,0.0,0.2132701421800948,0.5900473933649288
Westland District,2001,7990,2320.0,1700.0,490.0,2100.0,0.2903629536921151,0.26282853566958697,0.06132665832290363,0.2127659574468085,0.553191489361702
Westland District,2006,8620,2490.0,1960.0,1030.0,2080.0,0.2888631090487239,0.24129930394431554,0.11948955916473318,0.2273781902552204,0.5301624129930395
Westland District,2013,8550,2460.0,1830.0,1510.0,1410.0,0.28771929824561404,0.1649122807017544,0.17660818713450294,0.21403508771929824,0.45263157894736844
Westland District,2018,8860,2420.0,1820.0,1330.0,1740.0,0.27313769751693,0.1963882618510158,0.15011286681715574,0.2054176072234763,0.46952595936794583
Westland District,2023,8930,2280.0,1900.0,1330.0,1710.0,0.2553191489361702,0.19148936170212766,0.14893617021276595,0.2127659574468085,0.44680851063829785
Whakatane District,1996,34220,8860.0,6980.0,,12090.0,0.25891291642314435,0.353302162478083,0.0,0.20397428404441847,0.6122150789012273
Whakatane District,2001,34030,8560.0,6740.0,2870.0,10620.0,0.2515427563914193,0.3120775786071114,0.08433734939759036,0.1980605348222157,0.5636203349985307
Whakatane District,2006,34420,8560.0,6900.0,5400.0,9220.0,0.24869262056943636,0.26786751888436955,0.1568855316676351,0.20046484601975595,0.516560139453806
Whakatane District,2013,34170,8670.0,6530.0,7850.0,5130.0,0.2537313432835821,0.15013169446883232,0.22973368451858356,0.19110330699443956,0.4038630377524144
Whakatane District,2018,37110,8970.0,6860.0,7260.0,6160.0,0.24171382376717865,0.16599299380220964,0.19563459983831852,0.1848558340070062,0.4077068175693883
Whakatane District,2023,38800,8660.0,7070.0,6620.0,6600.0,0.2231958762886598,0.17010309278350516,0.17061855670103093,0.18221649484536082,0.393298969072165
Whanganui District,1996,46020,11750.0,8950.0,,14390.0,0.2553237722729248,0.312690134724033,0.0,0.1944806605823555,0.5680139069969579
Whanganui District,2001,44450,11220.0,8200.0,3110.0,12820.0,0.25241844769403826,0.28841394825646793,0.06996625421822272,0.1844769403824522,0.5408323959505061
Whanganui District,2006,43760,11000.0,8390.0,5840.0,11030.0,0.2513711151736746,0.25205667276051186,0.13345521023765997,0.19172760511882997,0.5034277879341864
Whanganui District,2013,43520,11330.0,7940.0,8910.0,6520.0,0.26034007352941174,0.14981617647058823,0.20473345588235295,0.18244485294117646,0.41015625
Whanganui District,2018,46750,11720.0,8620.0,8610.0,7540.0,0.2506951871657754,0.16128342245989305,0.1841711229946524,0.18438502673796792,0.41197860962566846
Whanganui District,2023,48930,11650.0,9000.0,8010.0,8430.0,0.23809523809523808,0.17228694052728388,0.1637032495401594,0.18393623543838136,0.41038217862252196
Whangarei District,1996,68350,18200.0,13270.0,,22120.0,0.26627651792245793,0.3236283833211412,0.0,0.19414776883686904,0.5899049012435991
Whangarei District,2001,70060,18360.0,13450.0,5070.0,20090.0,0.2620610904938624,0.2867542106765629,0.07236654296317442,0.19197830431059093,0.5488153011704253
Whangarei District,2006,76550,19390.0,15480.0,10930.0,19380.0,0.2532984977139125,0.2531678641410843,0.14278249510124102,0.20222077073807967,0.5064663618549967
Whangarei District,2013,83650,21300.0,15840.0,17730.0,12600.0,0.2546323968918111,0.1506276150627615,0.2119545726240287,0.18936043036461447,0.4052600119545726
Whangarei District,2018,94130,22970.0,17560.0,16910.0,16150.0,0.244024221820886,0.17157123127589505,0.17964517157123128,0.18655051524487412,0.41559545309678103
Whangarei District,2023,101970,23070.0,18950.0,16360.0,18650.0,0.22624301265077965,0.182896930469746,0.16043934490536432,0.18583897224673923,0.40913994312052565
Whau Local Board Area,1996,59730,15170.0,15330.0,,17350.0,0.25397622635191697,0.2904737987610916,0.0,0.25665494726268206,0.5444500251130086
Whau Local Board Area,2001,66220,15370.0,16250.0,5160.0,19300.0,0.23210510419812747,0.29145273331319843,0.07792207792207792,0.24539414074297794,0.5235578375113259
Whau Local Board Area,2006,73110,15040.0,17450.0,9890.0,22360.0,0.2057174121187252,0.3058405142935303,0.13527561209136918,0.23868143892764326,0.5115579264122555
Whau Local Board Area,2013,76700,15180.0,16010.0,14690.0,18170.0,0.19791395045632335,0.23689700130378097,0.19152542372881357,0.20873533246414602,0.4348109517601043
Whau Local Board Area,2018,84050,13850.0,16140.0,16580.0,21780.0,0.16478286734086853,0.25913146936347414,0.19726353361094587,0.1920285544318858,0.42391433670434264
Whau Local Board Area,2023,86300,12250.0,15430.0,17720.0,22110.0,0.14194669756662803,0.25619930475086905,0.20533024333719582,0.17879490150637312,0.3981460023174971
