Age,"Total people, age","Total people, age","Total people, age","Total people, age","Total people, age","Total people, age",  0-4 years,  0-4 years,  0-4 years,  0-4 years,  0-4 years,  0-4 years,  5-9 years,  5-9 years,  5-9 years,  5-9 years,  5-9 years,  5-9 years,  10-14 years,  10-14 years,  10-14 years,  10-14 years,  10-14 years,  10-14 years,  15-19 years,  15-19 years,  15-19 years,  15-19 years,  15-19 years,  15-19 years,  20-24 years,  20-24 years,  20-24 years,  20-24 years,  20-24 years,  20-24 years,  25-29 Years,  25-29 Years,  25-29 Years,  25-29 Years,  25-29 Years,  25-29 Years,  30-34 years,  30-34 years,  30-34 years,  30-34 years,  30-34 years,  30-34 years,  35-39 years,  35-39 years,  35-39 years,  35-39 years,  35-39 years,  35-39 years,  40-44 years,  40-44 years,  40-44 years,  40-44 years,  40-44 years,  40-44 years,  45-49 years,  45-49 years,  45-49 years,  45-49 years,  45-49 years,  45-49 years,  50-54 years,  50-54 years,  50-54 years,  50-54 years,  50-54 years,  50-54 years,  55-59 years,  55-59 years,  55-59 years,  55-59 years,  55-59 years,  55-59 years,  60-64 years,  60-64 years,  60-64 years,  60-64 years,  60-64 years,  60-64 years,  65-69 years,  65-69 years,  65-69 years,  65-69 years,  65-69 years,  65-69 years,  70-74 years,  70-74 years,  70-74 years,  70-74 years,  70-74 years,  70-74 years,  75-79 years,  75-79 years,  75-79 years,  75-79 years,  75-79 years,  75-79 years,  80-84 years,  80-84 years,  80-84 years,  80-84 years,  80-84 years,  80-84 years,  85-89 years,  85-89 years,  85-89 years,  85-89 years,  85-89 years,  85-89 years,  90 years and over,  90 years and over,  90 years and over,  90 years and over,  90 years and over,  90 years and over
Year at 30 June,2023,2028,2033,2038,2043,2048,2023,2028,2033,2038,2043,2048,2023,2028,2033,2038,2043,2048,2023,2028,2033,2038,2043,2048,2023,2028,2033,2038,2043,2048,2023,2028,2033,2038,2043,2048,2023,2028,2033,2038,2043,2048,2023,2028,2033,2038,2043,2048,2023,2028,2033,2038,2043,2048,2023,2028,2033,2038,2043,2048,2023,2028,2033,2038,2043,2048,2023,2028,2033,2038,2043,2048,2023,2028,2033,2038,2043,2048,2023,2028,2033,2038,2043,2048,2023,2028,2033,2038,2043,2048,2023,2028,2033,2038,2043,2048,2023,2028,2033,2038,2043,2048,2023,2028,2033,2038,2043,2048,2023,2028,2033,2038,2043,2048,2023,2028,2033,2038,2043,2048
Far North District,74700,77700,80300,82400,84200,85600,4430,4500,4550,4620,4740,4710,5050,4720,4790,4840,4920,5040,5530,5300,4970,5050,5090,5170,4690,4930,4700,4370,4450,4490,3320,3640,3850,3630,3290,3370,3670,3460,3810,4020,3800,3470,4340,4050,3860,4200,4420,4200,4000,4610,4330,4140,4490,4700,3710,4250,4860,4590,4400,4750,4130,4030,4570,5180,4910,4720,4930,4490,4390,4930,5540,5270,5460,5310,4870,4780,5310,5920,5850,5880,5730,5320,5240,5780,5200,6020,6060,5940,5560,5510,4560,4980,5770,5840,5760,5430,3080,3910,4330,5080,5190,5160,1670,2330,3020,3410,4060,4200,760,960,1400,1860,2160,2630,310,330,420,630,870,1060
Whangarei District,101800,107000,111500,115400,118900,122000,6050,6050,6030,6070,6260,6350,6690,6410,6420,6400,6440,6630,7230,6890,6620,6630,6610,6650,6180,6870,6530,6260,6270,6250,4660,5150,5810,5480,5210,5220,5540,4980,5510,6170,5840,5570,6410,6180,5650,6180,6840,6500,6360,6910,6690,6170,6690,7350,5520,6770,7330,7120,6600,7120,5560,5770,7010,7570,7360,6850,6580,5770,5980,7220,7780,7570,6660,6890,6080,6290,7520,8080,7030,7060,7280,6500,6720,7940,6370,7290,7320,7560,6820,7050,5460,6340,7230,7300,7550,6880,4400,5080,5910,6780,6880,7170,2860,3690,4280,5040,5850,5990,1430,1970,2600,3050,3660,4320,820,910,1220,1660,2040,2490
Kaipara District,27700,29400,30800,31900,32900,33700,1620,1670,1610,1590,1660,1760,1810,1740,1800,1740,1720,1780,1690,1870,1800,1860,1800,1780,1400,1520,1700,1630,1680,1620,1030,1090,1200,1390,1310,1370,1270,1140,1180,1300,1480,1410,1630,1430,1310,1350,1470,1650,1510,1760,1560,1450,1480,1600,1380,1600,1850,1660,1540,1580,1490,1480,1700,1950,1760,1650,1720,1600,1600,1820,2070,1880,1960,1890,1780,1780,1990,2240,2300,2210,2140,2030,2030,2250,2260,2510,2420,2370,2270,2280,1920,2270,2510,2440,2400,2310,1390,1740,2070,2310,2260,2240,760,1150,1450,1760,1980,1960,350,520,800,1030,1280,1460,170,210,320,510,680,880
Auckland,1692400,1765500,1859400,1948700,2034100,2114000,102020,98150,100160,103050,106990,109320,109060,101090,99020,101030,103930,107880,113650,109100,102760,100700,102710,105620,105000,120460,117490,111170,109120,111130,108290,114950,133120,130180,123890,121850,125450,119630,129520,147670,144750,138500,140680,135400,132560,142440,160570,157670,129030,144570,141370,138560,148440,166550,115960,128200,145480,142330,139570,149440,103870,112160,125990,143240,140160,137460,109840,97280,106960,120770,137960,134990,101260,104100,92990,102680,116440,133580,92370,97380,101260,90510,100190,113910,74740,87560,93330,97360,87100,96780,58830,69670,82780,88640,92890,83300,45480,53410,64190,76820,82730,87220,30190,38630,46020,55900,67510,73260,16530,21910,28750,34560,42620,52160,10120,11900,15610,21080,26500,33340
Thames-Coromandel District,34000,34600,34700,34500,34000,33400,1310,1310,1290,1260,1220,1150,1530,1410,1410,1390,1370,1320,1710,1570,1450,1450,1430,1400,1460,1450,1310,1190,1190,1170,1180,1150,1150,1010,890,890,1280,1290,1260,1260,1120,1000,1530,1370,1390,1360,1360,1220,1490,1640,1480,1500,1470,1470,1500,1580,1730,1580,1600,1570,1670,1590,1670,1820,1670,1690,2110,1820,1750,1820,1980,1830,2420,2330,2040,1970,2050,2210,3100,2730,2640,2360,2300,2380,3370,3390,3030,2950,2680,2630,3370,3370,3400,3070,3000,2760,2520,3060,3080,3130,2840,2800,1420,2070,2560,2600,2680,2450,660,970,1460,1830,1900,1990,400,450,640,970,1290,1440
Hauraki District,22500,23100,23400,23600,23600,23400,1230,1200,1110,1070,1070,1060,1280,1270,1240,1160,1110,1110,1460,1340,1330,1300,1220,1170,1200,1300,1180,1180,1140,1060,850,770,880,760,750,720,1020,910,840,950,830,820,1290,1120,1020,940,1050,930,1220,1380,1210,1110,1040,1150,1010,1290,1450,1280,1180,1110,1160,1070,1340,1500,1330,1230,1470,1220,1130,1390,1550,1390,1600,1570,1330,1240,1500,1660,1760,1750,1720,1490,1400,1660,1810,1920,1910,1890,1670,1590,1540,1820,1930,1930,1920,1710,1280,1420,1690,1800,1810,1810,750,1030,1160,1400,1510,1540,350,480,690,790,970,1080,170,200,270,400,500,630
Waikato District,91500,100700,108700,116500,124000,131300,6060,6500,6680,7000,7430,7780,6930,6930,7290,7480,7790,8220,7250,7580,7500,7860,8050,8360,6160,7010,7260,7180,7550,7730,4780,5520,6290,6540,6460,6830,4990,5110,5830,6590,6850,6770,6360,5950,6040,6770,7530,7780,6180,7260,6810,6900,7620,8380,5930,7020,8030,7590,7680,8410,5950,6430,7440,8450,8010,8110,6510,6220,6630,7630,8640,8210,5990,6740,6370,6780,7780,8780,5530,6090,6770,6420,6840,7830,4540,5500,6000,6670,6350,6770,3460,4340,5230,5730,6400,6120,2420,3110,3920,4760,5260,5920,1400,2020,2600,3330,4090,4560,650,960,1410,1860,2420,3030,360,440,620,920,1270,1690
Matamata-Piako District,37600,38600,39500,40100,40400,40600,2470,2470,2400,2300,2230,2200,2370,2510,2510,2440,2340,2270,2440,2370,2510,2510,2440,2340,2210,2200,2130,2270,2270,2210,1840,1810,1800,1730,1870,1880,2340,2010,1990,1990,1920,2050,2590,2500,2180,2160,2160,2090,2120,2710,2620,2310,2290,2290,1970,2150,2740,2650,2340,2320,1910,1950,2120,2710,2630,2320,2220,1910,1950,2120,2710,2630,2380,2240,1940,1980,2150,2730,2530,2440,2310,2010,2050,2230,2280,2570,2490,2360,2080,2130,2060,2300,2580,2510,2410,2150,1620,1920,2160,2430,2380,2300,1190,1350,1610,1840,2090,2060,670,810,940,1140,1320,1530,370,420,510,610,750,900
Hamilton City,181500,194000,206000,217600,229100,240600,12880,12930,12890,13060,13660,14280,12030,12840,12890,12860,13020,13630,12640,12330,13130,13190,13150,13320,13140,14960,14650,15450,15510,15480,15130,16580,18390,18080,18890,18940,14910,13880,15320,17130,16830,17640,15740,14760,13740,15180,16990,16690,13560,15900,14920,13910,15350,17150,11540,13640,15980,15010,14010,15440,10340,11560,13660,15990,15030,14040,10260,10220,11440,13520,15840,14910,8660,10020,10000,11220,13290,15600,8160,8380,9730,9720,10940,13000,6910,7780,8020,9360,9380,10590,5560,6430,7300,7560,8870,8920,4500,5050,5880,6720,7000,8270,2930,3750,4250,5010,5790,6080,1590,1990,2610,2990,3600,4230,990,990,1200,1610,1940,2380
Waipa District,60900,63500,65600,67400,68900,70200,3690,3650,3540,3480,3510,3550,3980,3970,3940,3830,3770,3800,4260,4220,4220,4180,4070,4010,3920,4130,4090,4080,4050,3940,3050,3120,3330,3290,3280,3250,3460,3140,3240,3440,3400,3400,3910,3760,3450,3550,3750,3710,3900,4260,4110,3810,3910,4110,3600,4130,4490,4350,4040,4140,3630,3700,4230,4580,4450,4150,4090,3660,3740,4260,4620,4480,3800,4120,3690,3770,4290,4650,3820,3820,4120,3710,3790,4310,3250,3850,3860,4170,3780,3870,2900,3240,3820,3850,4160,3800,2510,2760,3090,3640,3700,4010,1680,2160,2380,2700,3190,3270,950,1190,1540,1710,1970,2360,500,600,750,980,1150,1340
Otorohanga District,10800,11050,11300,11450,11600,11700,680,670,670,690,700,680,770,690,680,680,700,710,810,760,680,670,670,690,710,750,700,620,610,610,590,620,660,600,530,520,700,630,660,700,650,570,790,750,680,720,760,710,760,820,780,710,750,790,610,770,830,790,730,760,620,610,780,840,800,730,670,610,610,770,830,790,640,650,600,590,750,810,680,630,640,590,590,750,560,660,610,630,580,580,500,520,620,570,590,550,340,440,460,550,510,540,220,270,360,380,460,440,110,150,190,250,270,330,60,70,90,120,160,180
South Waikato District,26100,26900,27500,28000,28400,28700,1880,1870,1860,1830,1840,1830,1940,1910,1900,1880,1860,1870,1990,1930,1890,1890,1870,1850,1620,1730,1670,1630,1630,1610,1350,1260,1370,1310,1280,1270,1720,1470,1380,1490,1440,1400,1820,1850,1600,1520,1630,1570,1500,1860,1900,1650,1570,1680,1300,1530,1900,1930,1690,1600,1350,1310,1540,1900,1940,1700,1660,1390,1360,1590,1940,1980,1680,1700,1430,1400,1630,1980,1730,1700,1720,1460,1430,1660,1450,1720,1700,1720,1480,1450,1170,1380,1650,1630,1660,1440,970,1010,1210,1460,1450,1500,570,730,780,950,1170,1180,290,340,450,490,620,780,140,150,170,230,270,340
Waitomo District,9720,9770,9790,9740,9630,9450,630,620,610,590,560,530,680,610,600,590,570,540,660,640,570,560,550,530,580,550,520,460,450,440,520,470,440,420,350,340,620,560,520,490,460,400,650,650,600,560,520,500,550,680,690,630,590,560,600,560,690,690,640,600,530,610,560,700,700,650,600,530,610,560,700,700,690,610,530,610,570,700,700,700,620,550,630,590,570,670,670,590,520,600,480,520,600,610,540,480,310,410,440,520,530,480,200,240,310,340,420,430,100,120,140,200,220,270,50,50,60,70,100,110
Taupo District,41700,43100,44100,44900,45400,45700,2510,2490,2410,2370,2390,2390,2660,2610,2580,2500,2470,2490,2690,2680,2630,2600,2520,2490,2460,2450,2440,2390,2360,2280,1810,2100,2100,2080,2030,2000,2140,1990,2280,2270,2250,2200,2650,2300,2150,2440,2430,2410,2490,2750,2400,2250,2540,2530,2370,2550,2810,2470,2310,2600,2450,2430,2610,2860,2530,2380,2800,2510,2490,2670,2930,2590,2720,2860,2580,2560,2740,3000,2870,2810,2960,2680,2680,2860,2660,2960,2920,3070,2810,2810,2520,2620,2920,2890,3050,2820,1880,2310,2410,2710,2700,2870,1130,1550,1910,2020,2300,2320,530,780,1080,1350,1460,1680,310,340,470,680,880,1000
Western Bay of Plenty District,61000,64700,67700,70200,72200,73900,3260,3350,3210,3100,3100,3150,3370,3670,3760,3620,3510,3510,3820,3690,4000,4090,3940,3840,3370,3470,3340,3640,3740,3590,2570,2750,2830,2710,3010,3100,3210,2850,3030,3110,2980,3290,3920,3540,3190,3370,3450,3320,3580,4280,3910,3550,3730,3820,3330,3910,4610,4240,3890,4060,3580,3580,4160,4860,4490,4140,3950,3810,3820,4390,5090,4720,4270,4230,4090,4100,4670,5370,4650,4570,4540,4410,4430,5000,4420,4890,4830,4810,4690,4720,3670,4380,4850,4810,4810,4720,2890,3350,4040,4500,4490,4510,1790,2410,2830,3470,3910,3930,910,1290,1780,2120,2640,3020,480,650,930,1330,1670,2120
Tauranga City,161300,172700,182200,190900,199200,207400,9980,10110,9850,9920,10420,10880,10210,10550,10610,10360,10430,10920,10680,10720,10990,11060,10800,10870,9760,10760,10730,11000,11070,10810,7700,9140,10050,10020,10290,10360,9700,8550,9980,10900,10870,11140,11820,10650,9490,10920,11840,11810,11090,12770,11570,10410,11850,12760,9920,11700,13330,12140,10980,12420,9440,10290,11990,13620,12440,11300,9900,9690,10470,12160,13790,12620,9000,10240,9960,10740,12430,14050,9080,9490,10660,10390,11180,12860,8270,9620,9980,11140,10900,11700,7980,8550,9810,10190,11350,11160,7120,7750,8290,9520,9920,11060,4920,6300,6870,7420,8560,8980,2850,3690,4770,5250,5760,6730,1810,2190,2800,3710,4350,4920
Rotorua District,77000,78700,80100,81100,81800,82200,5060,4800,4640,4550,4570,4500,5260,5060,4800,4640,4550,4570,5920,5310,5110,4860,4700,4610,5230,5600,4990,4790,4540,4380,4260,4570,4930,4330,4130,3880,5000,4600,4910,5270,4670,4470,5630,5210,4820,5120,5490,4890,5040,5740,5330,4940,5240,5610,4520,5130,5840,5430,5040,5340,4640,4540,5150,5850,5450,5060,5030,4610,4510,5120,5820,5430,4690,4970,4560,4470,5080,5770,4690,4580,4870,4480,4400,5010,3830,4520,4430,4720,4360,4300,3180,3550,4220,4160,4460,4130,2310,2770,3140,3770,3740,4040,1540,1810,2200,2540,3100,3110,750,960,1160,1440,1690,2110,400,400,500,620,780,950
Whakatane District,38500,39100,39400,39500,39400,39100,2570,2490,2390,2320,2290,2230,2730,2610,2530,2430,2360,2330,2850,2800,2680,2600,2500,2430,2630,2480,2430,2310,2230,2130,1850,1990,1850,1800,1680,1600,2160,1930,2080,1940,1890,1770,2330,2290,2070,2220,2080,2030,2160,2400,2370,2150,2300,2160,1980,2210,2460,2420,2200,2360,2200,2020,2240,2490,2460,2240,2460,2250,2070,2290,2540,2510,2410,2500,2290,2120,2340,2590,2720,2450,2530,2340,2170,2390,2470,2720,2460,2560,2370,2220,2050,2340,2580,2360,2460,2300,1450,1810,2090,2320,2140,2250,890,1110,1410,1660,1870,1750,390,520,670,870,1060,1230,190,190,250,330,440,560
Kawerau District,7900,7970,7970,7900,7780,7620,580,550,530,500,480,460,580,550,520,490,470,450,560,580,550,520,490,470,520,470,490,460,420,400,420,390,340,360,330,300,450,430,410,360,380,340,460,450,430,410,370,380,430,460,450,440,410,370,390,430,460,450,440,410,370,380,420,450,450,430,420,370,380,420,450,450,430,420,370,380,420,450,550,470,460,420,420,460,500,590,510,500,460,470,480,510,590,520,510,480,380,430,460,540,480,480,230,290,340,370,440,390,110,150,190,230,250,300,50,50,70,100,120,130
Opotiki District,10650,10850,11050,11150,11100,11050,780,770,750,720,690,670,770,790,790,760,740,710,710,750,770,770,740,720,690,540,570,600,600,570,540,550,410,440,460,460,630,580,590,450,480,510,730,640,600,620,470,510,590,740,650,620,630,490,510,600,750,660,630,640,520,520,600,760,670,640,670,540,550,630,780,700,690,720,590,590,670,830,860,740,770,650,650,730,690,850,740,780,660,670,550,650,810,710,740,640,390,460,550,700,620,650,200,290,350,430,550,490,80,90,150,190,250,330,40,30,40,60,80,110
Gisborne District,52000,53200,54000,54500,54700,54700,3580,3450,3340,3250,3230,3170,3830,3650,3530,3410,3330,3300,3970,3810,3630,3510,3390,3310,3550,3540,3380,3200,3080,2970,2800,2760,2750,2590,2410,2290,3030,2910,2880,2870,2710,2530,3510,3240,3130,3090,3080,2930,3170,3640,3370,3260,3220,3210,2880,3260,3720,3460,3350,3310,2980,2950,3320,3780,3520,3410,3300,3010,2990,3360,3820,3570,3230,3320,3040,3020,3390,3850,3300,3200,3300,3030,3030,3390,2900,3240,3160,3260,3010,3010,2380,2720,3050,2990,3110,2880,1680,2110,2430,2760,2730,2850,1060,1350,1710,2010,2310,2300,550,690,900,1150,1370,1610,290,300,370,480,630,780
Wairoa District,9310,9470,9600,9680,9710,9690,660,670,670,670,660,630,680,640,640,640,650,640,710,630,600,600,600,600,620,620,540,510,510,510,510,490,500,420,390,390,580,530,520,520,440,410,580,610,570,560,560,480,480,610,640,590,580,590,470,480,610,650,600,590,480,490,510,640,670,620,570,500,510,530,660,690,570,580,510,530,540,670,660,590,600,530,550,570,630,660,600,610,550,560,510,580,610,550,570,510,330,430,490,530,480,500,170,240,320,370,410,380,70,80,120,170,210,240,30,30,40,50,70,90
Hastings District,91300,95000,98200,101100,103800,106200,5700,5670,5670,5740,5910,5950,5930,6030,6010,6000,6080,6250,6790,6180,6280,6260,6260,6340,6070,6530,5920,6020,6000,6000,4690,5050,5490,4880,4980,4970,5570,5040,5430,5860,5260,5360,6310,5910,5400,5780,6220,5620,5710,6680,6290,5780,6160,6600,5530,6040,7010,6620,6120,6500,5400,5730,6240,7200,6820,6320,5990,5510,5830,6340,7300,6920,5610,6030,5560,5880,6390,7350,5750,5570,5990,5550,5870,6380,4710,5640,5480,5910,5490,5820,4200,4520,5410,5290,5720,5350,3370,3850,4170,5010,4930,5370,2200,2800,3220,3540,4290,4270,1170,1510,1950,2270,2540,3130,600,700,890,1190,1430,1660
Napier City,67000,68900,70400,71700,72600,73400,3850,3740,3660,3640,3680,3660,4110,4020,3910,3820,3800,3850,4520,4270,4180,4080,3990,3970,4120,4410,4160,4070,3970,3880,3410,3440,3730,3480,3400,3290,3640,3540,3570,3870,3620,3530,4340,3880,3790,3820,4110,3860,3910,4530,4080,3980,4010,4310,3750,4100,4720,4270,4170,4200,4060,3900,4240,4860,4410,4320,4490,4140,3980,4320,4940,4500,4280,4540,4210,4060,4400,5010,4370,4350,4620,4300,4160,4500,3800,4390,4390,4660,4360,4240,3720,3740,4320,4340,4620,4350,3040,3430,3480,4040,4080,4370,1910,2510,2860,2940,3450,3520,1070,1300,1740,2020,2110,2520,630,670,810,1090,1330,1470
Central Hawke's Bay District,16000,16500,16900,17250,17550,17700,970,960,970,1000,1040,1040,1110,1010,1010,1010,1040,1080,1160,1120,1020,1020,1020,1050,990,1000,960,870,860,870,640,690,710,670,570,570,710,710,770,780,740,650,890,810,810,870,890,850,920,990,910,910,970,990,860,970,1040,960,960,1020,920,900,1010,1080,1010,1010,1010,960,940,1050,1120,1050,1060,1060,1000,990,1100,1170,1250,1140,1130,1080,1060,1170,1150,1270,1170,1170,1120,1110,950,1100,1210,1120,1120,1080,690,850,990,1100,1020,1040,400,570,710,840,940,880,180,260,380,490,590,680,120,130,170,250,340,430
New Plymouth District,88300,91200,93600,95500,97200,98600,5240,5030,4860,4850,4980,5040,5790,5590,5380,5210,5200,5330,6130,6020,5820,5610,5440,5430,5710,5880,5760,5570,5360,5190,3990,4850,5000,4890,4700,4490,4670,4210,5080,5230,5120,4930,5710,5000,4550,5410,5570,5460,5660,6100,5400,4960,5820,5970,5630,5910,6360,5660,5220,6080,5490,5730,6010,6450,5770,5330,5680,5540,5780,6060,6500,5820,5370,5750,5600,5850,6130,6580,5900,5460,5850,5720,5970,6260,5110,5860,5450,5840,5730,5990,4380,4920,5640,5280,5670,5590,3360,4020,4550,5250,4940,5340,2230,2820,3380,3880,4530,4310,1340,1570,2020,2450,2850,3380,830,910,1060,1360,1690,2030
Stratford District,10250,10450,10550,10600,10550,10450,680,670,630,590,560,540,690,720,700,670,630,600,780,720,740,730,690,650,610,700,640,670,650,610,480,400,490,430,450,440,550,510,440,530,470,490,720,590,550,480,570,510,660,750,620,590,510,600,550,690,780,650,620,540,550,530,670,750,630,590,610,530,510,650,730,610,660,620,540,510,650,740,730,670,620,550,520,660,580,730,670,630,560,530,510,560,710,650,620,550,380,470,520,660,610,580,250,320,400,450,570,540,170,170,230,290,320,420,100,110,120,150,200,240
South Taranaki District,29600,30000,30100,30100,29900,29600,1970,1850,1730,1670,1640,1620,2060,1980,1860,1750,1680,1660,2210,2040,1960,1840,1730,1660,1900,1980,1810,1730,1610,1500,1550,1520,1600,1430,1350,1230,1520,1630,1620,1700,1530,1450,1940,1600,1730,1710,1800,1630,1930,2000,1670,1790,1780,1870,1750,1950,2020,1690,1810,1800,1700,1760,1950,2020,1700,1820,2040,1700,1760,1950,2030,1710,1980,2050,1720,1770,1970,2040,1930,1960,2020,1700,1760,1960,1660,1870,1890,1960,1660,1720,1330,1550,1760,1790,1870,1580,1050,1170,1380,1580,1620,1700,630,810,920,1100,1290,1330,310,390,520,600,740,880,150,160,210,280,340,430
Ruapehu District,12850,12850,12700,12450,12100,11650,860,810,760,720,680,610,860,810,760,710,670,630,900,750,700,650,600,560,750,780,630,580,530,480,550,570,600,440,390,350,780,610,630,660,510,460,910,800,630,660,690,540,780,920,810,650,670,700,670,770,910,800,640,660,690,680,780,910,810,650,780,710,700,800,930,830,920,810,740,730,820,960,950,930,820,760,750,850,900,940,920,820,750,750,700,840,880,870,780,720,430,590,720,760,750,680,250,320,450,560,610,610,100,150,190,280,360,400,50,50,70,90,140,190
Whanganui District,48900,49900,50700,51100,51200,51100,2840,2840,2730,2610,2570,2550,2990,2970,2980,2870,2740,2700,3400,3150,3140,3140,3030,2910,2960,3220,2970,2950,2960,2850,2300,2230,2500,2250,2240,2240,2720,2310,2250,2520,2270,2260,3010,2900,2500,2450,2710,2470,2760,3150,3050,2650,2600,2860,2620,2850,3250,3150,2750,2700,2740,2710,2940,3330,3240,2840,3160,2820,2780,3020,3400,3320,3140,3220,2880,2850,3080,3470,3450,3250,3320,3000,2980,3210,3220,3510,3320,3410,3110,3090,2780,3150,3430,3270,3370,3100,2250,2560,2910,3190,3070,3190,1410,1810,2080,2400,2670,2590,760,900,1180,1380,1620,1840,410,410,480,630,770,920
Rangitikei District,16250,16600,16850,17050,17150,17200,1070,1060,1050,1040,1040,1020,1060,1060,1060,1040,1040,1030,1070,1070,1080,1070,1060,1050,1060,940,940,940,940,920,830,860,750,740,750,740,850,840,890,770,770,780,1100,930,930,980,860,860,930,1110,940,950,990,880,800,950,1130,960,970,1010,840,840,980,1170,1000,1010,1000,870,870,1010,1200,1030,1180,1030,900,900,1050,1230,1210,1200,1060,940,930,1080,1050,1220,1210,1070,960,960,850,990,1150,1150,1030,920,670,730,860,1020,1030,920,400,530,580,700,850,860,210,250,340,380,470,590,90,110,140,200,240,300
Manawatu District,34200,35400,36300,36900,37300,37600,2050,2070,1920,1790,1770,1790,2290,2240,2260,2110,1980,1960,2450,2470,2430,2450,2290,2170,2100,2280,2300,2260,2280,2130,1560,1510,1700,1720,1670,1690,2130,1640,1610,1790,1810,1770,2210,2270,1780,1750,1940,1960,2140,2340,2390,1910,1880,2070,1960,2230,2420,2480,2000,1970,2000,2040,2310,2500,2560,2090,2120,2040,2080,2340,2540,2600,2270,2170,2080,2120,2390,2580,2320,2330,2230,2150,2190,2460,1920,2300,2320,2230,2160,2210,1720,1880,2250,2280,2190,2130,1340,1560,1720,2060,2110,2040,870,1130,1330,1480,1790,1850,490,610,810,960,1090,1340,270,320,400,540,660,770
Palmerston North City,90600,93300,95600,97400,99000,100300,5640,5470,5340,5240,5250,5280,5810,5630,5460,5330,5230,5240,5860,5840,5660,5490,5360,5260,6630,7170,7140,6970,6790,6670,8230,8310,8830,8810,8640,8460,6920,6440,6560,7080,7060,6880,6520,6270,5820,5940,6460,6440,5830,6340,6100,5650,5770,6300,5300,5830,6340,6110,5660,5790,4990,5270,5800,6310,6090,5640,5230,4900,5180,5710,6210,5990,4710,5100,4770,5050,5570,6080,5040,4570,4950,4630,4910,5440,4060,4850,4390,4780,4480,4770,3570,3830,4580,4170,4560,4290,2720,3240,3500,4220,3870,4260,1920,2290,2740,3000,3640,3370,1070,1330,1610,1950,2170,2680,610,650,800,1010,1250,1450
Tararua District,19100,19350,19500,19600,19550,19350,1140,1130,1120,1100,1080,1010,1240,1160,1150,1140,1130,1100,1340,1240,1160,1150,1140,1120,1270,1180,1070,990,980,970,860,960,860,760,680,670,1010,930,1030,940,830,750,1150,1090,1010,1120,1020,920,1080,1200,1150,1070,1180,1080,1060,1130,1250,1200,1120,1230,1060,1090,1170,1290,1230,1160,1250,1090,1120,1200,1320,1260,1330,1290,1130,1160,1230,1350,1370,1340,1300,1150,1180,1250,1230,1350,1330,1290,1140,1180,1060,1160,1280,1270,1230,1100,750,930,1030,1150,1140,1120,460,610,760,850,970,970,240,300,410,530,600,690,160,150,180,250,330,400
Horowhenua District,37500,38800,40000,40800,41500,42000,2180,2220,2170,2100,2070,2060,2140,2290,2340,2290,2220,2190,2400,2220,2380,2430,2380,2310,2150,2230,2050,2210,2260,2210,1840,1680,1770,1590,1750,1800,1960,1920,1790,1870,1700,1860,2140,2090,2060,1930,2010,1840,1830,2290,2240,2220,2080,2170,1790,1970,2420,2380,2360,2220,1940,1900,2080,2530,2490,2470,2280,2060,2020,2200,2650,2610,2590,2470,2250,2210,2390,2840,2790,2780,2660,2440,2410,2590,2570,2980,2970,2870,2670,2640,2490,2620,3010,3020,2930,2750,2100,2270,2400,2780,2810,2750,1280,1660,1820,1950,2290,2340,670,820,1090,1220,1330,1590,340,360,440,590,700,800
Kapiti Coast District,57800,59100,60300,61200,61800,62200,2660,2660,2670,2680,2660,2550,3080,2960,2960,2970,2980,2960,3460,3160,3050,3040,3060,3060,3270,3240,2940,2820,2820,2840,2180,2480,2420,2120,2010,2010,2230,2130,2440,2380,2090,1980,3030,2570,2480,2790,2730,2440,2980,3440,2990,2900,3210,3160,3310,3390,3850,3400,3310,3620,3320,3540,3620,4080,3640,3550,4240,3450,3670,3740,4200,3760,4120,4400,3620,3840,3910,4370,4220,4350,4630,3860,4080,4170,3900,4510,4650,4930,4200,4420,3720,3960,4550,4700,4980,4300,3510,3540,3770,4340,4510,4800,2340,2930,2980,3210,3740,3920,1370,1580,2030,2090,2290,2720,790,840,980,1280,1410,1580
Porirua City,62100,64300,66200,67800,69100,70200,4300,4180,4090,4070,4110,4070,4440,4310,4190,4100,4080,4120,4780,4390,4260,4140,4050,4030,4310,4640,4250,4120,4000,3920,3730,3930,4230,3840,3710,3590,3870,3680,3910,4210,3820,3690,4490,4150,3980,4210,4510,4120,4390,4830,4500,4330,4560,4870,4140,4510,4960,4630,4460,4700,4000,4160,4520,4960,4640,4480,4210,3940,4100,4460,4900,4590,3750,4100,3830,3990,4350,4800,3390,3590,3940,3680,3850,4210,2740,3200,3400,3750,3510,3680,2200,2490,2930,3140,3480,3270,1640,1930,2210,2630,2830,3180,1010,1350,1600,1850,2230,2430,460,700,940,1130,1320,1620,230,270,400,560,700,840
Upper Hutt City,48500,50200,51600,52700,53600,54300,3030,2970,2810,2690,2680,2730,2990,3170,3110,2950,2830,2820,3130,3100,3280,3220,3060,2940,2940,3120,3090,3260,3210,3050,2550,2470,2640,2610,2780,2730,3070,2490,2430,2600,2570,2750,3820,3440,2890,2830,2990,2960,3590,4190,3830,3280,3220,3380,3200,3740,4340,3980,3430,3370,3100,3190,3720,4330,3970,3430,3410,3070,3160,3690,4300,3940,3070,3340,3000,3100,3620,4220,3000,2930,3190,2870,2970,3490,2270,2840,2770,3030,2730,2830,1790,2100,2640,2590,2850,2570,1490,1620,1910,2420,2400,2650,1020,1270,1390,1650,2100,2100,610,720,910,1000,1200,1550,390,410,470,590,680,810
Lower Hutt City,113200,116100,118700,120900,122600,123900,6970,7060,6930,6690,6520,6370,7190,6900,6990,6860,6620,6450,7170,6830,6530,6630,6500,6260,6510,6770,6430,6130,6230,6100,6480,6080,6330,5990,5690,5790,8610,7580,7230,7480,7140,6850,9530,9680,8700,8350,8600,8260,9080,10270,10440,9460,9120,9370,8210,9250,10450,10620,9640,9310,6920,7990,9020,10220,10390,9430,7220,6530,7590,8620,9810,9990,6690,6790,6110,7160,8180,9370,6460,6140,6240,5580,6620,7640,5110,5810,5510,5620,4990,6020,3920,4420,5100,4830,4960,4380,3120,3370,3850,4510,4300,4440,2200,2520,2760,3200,3810,3660,1140,1430,1690,1880,2230,2720,650,690,850,1050,1210,1470
Wellington City,212000,216100,222200,228000,233100,237300,8640,9450,10080,10390,10390,10120,9010,7590,8490,9130,9440,9440,11160,9040,7730,8640,9270,9580,14970,14910,12910,11610,12510,13150,24680,24610,24770,22780,21500,22380,22110,23350,23620,23780,21810,20520,18330,20040,21530,21800,21960,19990,14610,16460,18320,19810,20080,20250,13770,13170,15160,17020,18500,18780,13140,12610,12150,14130,15990,17470,13510,11840,11420,10980,12950,14810,12480,12240,10690,10290,9870,11830,10890,11250,11090,9590,9210,8810,7840,9810,10230,10110,8670,8320,6340,6960,8900,9340,9260,7890,4740,5510,6150,7990,8450,8420,3040,3880,4590,5200,6850,7310,1650,2130,2790,3340,3870,5180,1110,1230,1520,2030,2530,3030
Masterton District,29700,30600,31300,31700,31900,32100,1810,1830,1710,1610,1570,1600,1790,1890,1920,1800,1700,1670,1840,1900,2010,2040,1920,1820,1750,1750,1820,1920,1950,1830,1440,1400,1420,1480,1580,1610,1750,1510,1450,1460,1520,1630,2090,1800,1570,1510,1520,1590,1660,2180,1890,1660,1600,1610,1630,1750,2270,1990,1760,1700,1600,1660,1790,2310,2030,1800,1870,1630,1700,1830,2340,2070,1880,1890,1650,1720,1850,2360,1940,1880,1900,1670,1740,1870,1910,1970,1920,1940,1720,1800,1690,1880,1950,1910,1940,1740,1320,1580,1760,1840,1820,1860,890,1120,1340,1520,1600,1600,520,630,800,970,1110,1190,300,340,410,520,640,750
Carterton District,10400,10750,11100,11300,11500,11650,570,570,590,620,640,640,570,610,610,630,660,680,690,600,640,630,660,690,650,680,590,630,630,650,400,460,490,400,430,430,430,410,470,500,410,450,500,480,460,520,550,460,490,550,530,510,570,600,560,530,600,580,560,620,620,600,570,640,620,600,720,650,630,610,670,660,740,750,680,660,640,700,800,770,780,710,690,670,750,820,800,810,740,730,720,760,830,810,820,760,600,670,710,780,760,780,340,510,580,620,690,680,170,250,380,430,470,530,90,110,160,250,310,350
South Wairarapa District,11850,12350,12700,12950,13150,13250,640,640,630,630,630,620,630,660,660,650,650,650,700,610,640,650,640,630,560,590,510,540,550,540,380,430,460,380,410,410,480,430,490,520,440,470,650,590,540,600,630,550,650,720,670,620,680,710,670,720,790,740,690,750,800,730,780,860,800,750,920,840,770,820,900,840,920,980,900,840,890,960,990,960,1020,950,880,940,870,1010,980,1050,970,920,810,840,970,940,1010,940,620,720,750,890,860,930,340,500,600,630,750,740,150,240,350,430,470,560,90,100,150,240,310,360
Tasman District,59600,62200,64400,66100,67200,67800,2770,2880,2940,2940,2850,2690,2980,3160,3280,3330,3340,3250,3670,3220,3400,3510,3570,3570,3600,3330,2880,3060,3180,3230,2740,2780,2490,2030,2220,2330,2770,2860,2920,2630,2180,2360,3220,3130,3230,3290,3000,2550,3160,3540,3460,3560,3620,3330,3310,3470,3850,3780,3880,3940,3690,3620,3780,4170,4090,4190,4530,3920,3850,4010,4400,4320,4400,4730,4120,4060,4220,4600,4550,4620,4940,4350,4290,4450,4260,4660,4740,5060,4490,4440,3830,4190,4580,4680,5010,4470,2900,3580,3930,4330,4440,4780,1790,2500,3120,3460,3850,3970,920,1320,1890,2380,2680,3030,510,690,990,1460,1940,2320
Nelson City,54500,55800,56700,57300,57500,57400,2570,2430,2350,2310,2300,2240,2950,2710,2570,2490,2450,2440,3420,3080,2850,2710,2630,2590,3220,3470,3130,2890,2760,2680,2610,2720,2960,2620,2380,2240,2790,2760,2880,3120,2780,2550,3390,2950,2910,3040,3280,2940,3370,3570,3120,3090,3220,3460,3290,3540,3740,3290,3260,3390,3380,3420,3670,3870,3430,3400,3850,3470,3520,3760,3960,3530,3770,3900,3520,3570,3820,4020,3910,3770,3900,3530,3590,3840,3350,3880,3750,3890,3540,3610,2980,3300,3820,3710,3860,3540,2520,2810,3110,3610,3530,3690,1590,2190,2450,2740,3200,3160,910,1180,1640,1850,2090,2480,570,650,830,1150,1390,1610
Marlborough District,52000,53200,54200,54700,55100,55200,2540,2400,2330,2320,2340,2320,2800,2660,2510,2450,2430,2460,3030,2840,2700,2560,2490,2480,2730,2800,2600,2460,2320,2250,2100,2170,2240,2050,1910,1770,2850,2420,2510,2590,2390,2250,3360,3080,2670,2760,2840,2640,3190,3560,3290,2880,2970,3040,2960,3380,3750,3490,3080,3170,3180,3140,3560,3920,3660,3260,3400,3340,3290,3710,4080,3820,3560,3550,3490,3440,3860,4230,3820,3670,3660,3610,3570,3990,3500,3900,3770,3760,3720,3700,3270,3390,3780,3670,3680,3650,2700,2970,3100,3490,3410,3440,1680,2240,2490,2640,3000,2960,820,1180,1620,1830,1970,2270,500,570,800,1130,1360,1530
Kaikoura District,4150,4200,4210,4180,4120,4070,220,210,190,180,180,190,230,230,220,200,190,190,230,220,230,220,200,180,150,190,190,200,180,160,160,140,190,190,190,180,230,190,170,210,210,210,270,240,200,180,220,220,250,270,250,200,190,230,230,250,270,250,200,180,240,240,260,280,260,210,280,250,250,260,280,260,270,280,250,250,260,290,340,280,290,250,260,270,360,350,290,300,270,270,280,340,330,270,280,260,220,250,310,300,250,260,120,170,200,250,240,210,40,70,110,130,170,170,30,30,40,60,80,110
Buller District,9680,9550,9340,9020,8620,8190,440,420,390,350,330,320,470,440,430,400,360,340,510,460,440,430,390,360,440,420,380,350,340,310,280,300,280,230,210,200,390,320,350,330,280,260,480,440,360,390,380,330,460,520,480,410,440,420,460,480,550,510,430,460,520,490,510,570,530,460,640,530,500,530,590,550,810,660,560,530,550,620,980,810,670,570,550,570,910,970,810,680,580,560,800,860,930,780,660,570,550,710,770,830,710,600,310,440,570,620,690,590,160,190,280,370,410,460,80,80,90,130,190,230
Grey District,14200,14250,14200,14050,13800,13450,820,800,760,700,670,640,820,810,790,750,700,660,960,810,810,780,740,690,860,910,750,750,730,690,720,690,740,590,590,570,710,730,710,760,610,610,930,750,770,750,800,650,810,970,790,810,790,840,680,850,1010,830,850,840,750,690,860,1020,840,860,1060,760,710,870,1040,860,1070,1050,760,700,870,1030,1100,1060,1030,750,700,860,940,1050,1010,990,720,680,790,870,980,950,940,690,580,690,770,880,860,850,350,460,550,630,730,720,190,220,300,360,420,500,90,100,110,150,190,230
Westland District,8860,8900,8860,8750,8580,8360,430,410,380,350,340,320,470,420,400,370,350,330,460,460,400,380,350,330,410,380,380,320,300,270,360,360,330,330,280,250,510,450,460,430,430,380,680,550,490,510,480,470,540,700,580,520,530,500,500,540,700,570,510,530,490,510,550,710,580,520,640,510,530,560,720,600,720,650,520,540,570,730,740,720,640,520,540,570,630,720,690,620,500,520,490,580,660,640,580,470,400,430,510,590,580,520,240,320,340,420,490,480,90,160,220,230,290,360,50,50,90,130,150,190
Hurunui District,13750,14150,14500,14700,14850,14900,720,710,690,690,680,660,850,770,760,750,740,740,870,850,780,770,750,750,760,730,700,630,620,610,480,580,550,520,450,440,700,560,660,630,610,540,880,790,660,770,740,710,840,970,890,750,860,830,730,920,1050,970,830,940,810,760,950,1090,1000,870,920,850,800,990,1120,1040,1000,970,900,850,1040,1170,1070,1050,1010,940,900,1080,960,1050,1020,990,930,890,820,910,990,970,950,880,660,730,820,900,890,870,380,550,620,700,780,770,190,270,410,460,530,610,100,140,210,320,410,490
Waimakariri District,69100,73400,77100,80500,83500,86400,3560,3760,3760,3860,4040,4140,4060,4030,4230,4240,4330,4510,4390,4440,4410,4610,4620,4710,4390,4470,4510,4480,4690,4700,3080,3700,3750,3800,3770,3980,3370,3190,3830,3880,3930,3900,4380,3800,3630,4270,4330,4370,3960,4810,4240,4080,4720,4770,3890,4340,5200,4630,4470,5110,4200,4220,4670,5530,4970,4810,5210,4480,4500,4940,5800,5240,5010,5420,4690,4710,5160,6010,4730,5190,5590,4880,4910,5360,4220,4840,5300,5690,5020,5060,4080,4210,4810,5260,5670,5040,3140,3780,3930,4510,4970,5370,1910,2680,3250,3420,3960,4390,980,1350,1930,2370,2540,2980,520,660,900,1300,1670,1900
Christchurch City,390200,400800,414200,426400,437600,447800,21710,20850,20870,20780,20940,20990,20430,20890,20260,20270,20190,20340,21990,20410,21070,20430,20450,20370,24540,25230,23860,24520,23890,23910,30320,30560,31570,30200,30870,30240,28590,28410,29100,30110,28760,29420,32150,29480,29720,30410,31430,30080,27950,32580,30220,30460,31160,32180,24880,28540,33400,31070,31310,32010,23270,24800,28670,33520,31210,31470,25250,22610,24330,28180,33010,30750,23370,23950,21530,23250,27090,31890,22970,21890,22630,20310,22040,25850,18700,21340,20480,21270,19070,20810,15580,16910,19590,18870,19700,17680,12100,13700,15100,17670,17120,18020,8290,9790,11250,12580,14930,14600,4930,5690,6900,8010,9110,10980,3170,3190,3620,4450,5300,6200
Selwyn District,82900,92500,100200,107500,114600,121500,5340,5730,5580,5760,6190,6550,5820,5960,6250,6100,6280,6710,5880,6340,6380,6670,6530,6700,5840,6340,6700,6750,7040,6890,4220,5720,6120,6490,6530,6820,4720,4410,5620,6020,6390,6430,6290,5290,4930,6140,6540,6900,6830,7180,6100,5750,6950,7360,5870,7590,7860,6790,6430,7640,5630,6330,7940,8200,7140,6790,5900,5930,6520,8130,8400,7340,5110,6140,6070,6660,8260,8530,4710,5250,6190,6130,6720,8310,3970,4770,5240,6170,6120,6720,2950,3880,4610,5080,6000,5970,1970,2780,3640,4350,4810,5720,1090,1720,2450,3240,3920,4360,480,820,1340,1940,2620,3200,240,370,660,1140,1770,2520
Ashburton District,36400,37700,38800,39800,40600,41400,2150,2200,2170,2130,2130,2120,2340,2180,2230,2200,2150,2150,2410,2360,2200,2250,2220,2180,2120,2280,2220,2060,2120,2080,1840,1970,2130,2080,1910,1970,2410,2160,2310,2470,2410,2250,3020,2700,2470,2610,2770,2720,2470,3070,2760,2530,2670,2830,2150,2500,3090,2790,2550,2690,2050,2170,2520,3110,2810,2580,2260,2060,2170,2520,3110,2810,2190,2270,2070,2180,2530,3120,2150,2170,2250,2060,2180,2530,1930,2100,2120,2210,2030,2150,1750,1830,1990,2020,2110,1950,1400,1570,1660,1820,1860,1960,970,1140,1290,1380,1540,1590,510,650,780,900,980,1110,310,310,380,480,570,640
Timaru District,48700,49400,49700,49800,49600,49300,2460,2390,2260,2160,2150,2140,2790,2610,2530,2400,2300,2290,3060,2950,2770,2690,2560,2460,2760,2910,2800,2610,2540,2410,2110,2090,2240,2130,1950,1870,2720,2300,2290,2440,2340,2150,3210,2850,2440,2440,2590,2490,2910,3370,3020,2620,2610,2760,2620,3090,3560,3210,2810,2800,2730,2710,3170,3640,3290,2900,3180,2790,2770,3230,3700,3360,3350,3240,2850,2840,3300,3760,3540,3380,3280,2910,2900,3350,3080,3530,3380,3290,2940,2940,2960,3010,3450,3320,3250,2930,2280,2680,2750,3170,3080,3040,1570,1880,2220,2310,2700,2650,900,1050,1280,1540,1630,1940,500,540,630,780,970,1080
Mackenzie District,5460,5790,6070,6290,6460,6600,310,310,290,260,250,250,270,320,320,300,280,260,280,290,340,340,320,290,260,260,270,310,320,300,300,260,260,270,320,320,390,340,310,310,320,360,500,430,390,350,350,360,400,520,450,410,380,380,310,420,550,480,440,400,300,320,440,560,490,450,360,310,340,450,580,510,370,370,320,340,460,580,390,380,380,330,350,470,360,400,390,390,340,370,300,330,370,360,360,320,180,270,300,330,320,330,110,150,220,250,280,280,50,70,100,160,180,210,30,40,50,80,120,150
Waimate District,8330,8470,8580,8650,8700,8720,420,420,420,420,430,420,430,440,440,440,440,450,460,440,450,450,450,450,440,390,370,380,380,380,310,320,270,260,270,270,400,350,370,320,310,320,510,460,420,440,390,380,480,570,530,480,500,450,460,520,610,570,530,550,470,460,530,620,570,530,570,490,480,550,640,590,630,600,520,520,580,670,670,650,620,540,540,600,590,680,670,640,560,560,530,550,630,620,600,530,450,460,480,570,560,540,310,350,370,390,470,470,130,210,250,260,280,350,80,90,140,180,200,220
Chatham Islands Territory,850,860,870,880,880,870,50,50,50,50,50,45,40,45,50,50,50,45,40,30,40,40,40,40,50,35,25,35,35,35,55,65,45,40,45,50,70,60,70,55,45,50,75,70,65,75,55,50,50,75,70,65,75,55,45,50,75,70,60,70,45,45,45,70,65,60,70,45,45,50,70,65,50,70,45,45,45,70,70,50,70,45,45,45,55,65,45,60,40,40,40,50,60,45,60,35,15,35,45,50,35,50,15,5,20,30,40,25,5,10,5,15,20,25,0,0,5,0,5,10
Waitaki District,24300,24600,24800,24900,24900,24800,1040,1070,1060,1050,1050,1010,1400,1160,1190,1180,1180,1170,1540,1470,1230,1260,1250,1240,1430,1390,1310,1070,1100,1100,1120,1090,1040,970,730,760,1320,1280,1260,1210,1140,900,1510,1450,1410,1390,1350,1280,1400,1630,1570,1530,1510,1470,1360,1490,1710,1650,1620,1600,1390,1410,1530,1760,1700,1670,1480,1420,1440,1560,1790,1730,1670,1530,1470,1490,1620,1840,1830,1710,1570,1520,1540,1660,1650,1850,1730,1590,1550,1570,1530,1570,1760,1650,1530,1500,1170,1360,1410,1590,1500,1400,810,940,1110,1170,1340,1280,390,540,640,780,830,970,260,260,340,420,520,590
Central Otago District,26100,27800,29200,30400,31500,32600,1310,1350,1300,1290,1360,1450,1330,1440,1480,1440,1420,1490,1410,1450,1560,1600,1550,1540,1160,1270,1310,1420,1460,1420,870,1000,1110,1150,1260,1300,1450,1010,1150,1260,1300,1410,1890,1670,1230,1380,1490,1530,1830,2160,1940,1500,1650,1760,1530,1940,2270,2050,1620,1760,1520,1620,2020,2360,2140,1710,1760,1610,1710,2110,2440,2230,1770,1870,1710,1810,2210,2540,1980,1930,2020,1870,1970,2370,1950,2110,2060,2150,2010,2110,1700,1900,2050,2010,2110,1980,1240,1550,1750,1900,1870,1970,750,1050,1320,1510,1660,1650,390,550,790,1000,1170,1310,240,300,420,620,830,1030
Queenstown-Lakes District,50400,54800,58700,62400,66000,69400,2690,2810,2620,2580,2710,2840,2400,2780,2900,2710,2670,2800,2680,2500,2880,2990,2800,2760,2160,2670,2480,2860,2970,2780,2380,3110,3620,3430,3810,3920,5260,4950,5720,6220,6040,6420,6840,4590,4310,5070,5580,5390,5210,6200,3960,3680,4450,4950,3700,5010,6000,3770,3490,4250,3290,3740,5040,6030,3810,3530,3080,3320,3770,5060,6050,3840,2500,3160,3390,3840,5120,6110,2400,2580,3230,3460,3900,5180,2060,2380,2550,3200,3430,3880,1570,1930,2240,2410,3040,3280,1110,1390,1730,2030,2200,2820,620,940,1190,1510,1800,1970,300,470,730,940,1210,1470,180,260,400,640,890,1190
Dunedin City,131100,133300,135000,136200,137000,137600,6160,5790,5650,5670,5800,5870,6360,6320,5960,5820,5840,5970,7290,6660,6620,6260,6120,6140,10980,12480,11850,11820,11450,11310,14370,13970,15460,14830,14800,14430,7410,7730,7390,8880,8250,8210,8130,7010,7380,7040,8530,7900,7630,8070,6980,7350,7010,8490,7330,7660,8110,7020,7390,7060,7200,7280,7610,8060,6990,7360,8320,7130,7210,7540,8000,6930,7920,8180,7000,7090,7430,7880,8260,7690,7940,6800,6900,7240,7070,7970,7440,7700,6620,6730,5940,6710,7590,7110,7400,6380,4670,5390,6130,6980,6590,6900,3130,3900,4540,5220,6010,5730,1840,2160,2740,3230,3770,4420,1140,1200,1390,1770,2160,2590
Clutha District,18750,18950,19150,19150,19100,18900,1090,1090,1070,1030,970,930,1120,1110,1100,1090,1040,990,1170,1130,1110,1110,1090,1050,1000,990,950,930,930,910,930,800,790,750,740,730,1070,1000,880,870,830,820,1220,1180,1110,1000,990,950,1210,1300,1270,1200,1080,1080,1060,1270,1360,1320,1260,1140,1160,1090,1290,1380,1350,1280,1340,1170,1100,1300,1400,1360,1320,1330,1160,1100,1300,1390,1340,1290,1300,1140,1080,1280,1180,1280,1230,1240,1090,1030,940,1090,1190,1150,1170,1030,760,830,970,1070,1040,1060,460,600,670,790,890,870,220,290,390,440,540,630,150,140,180,240,290,360
Southland District,32700,33300,33700,33900,34000,33800,1850,1850,1790,1750,1740,1690,2170,1940,1930,1880,1840,1820,2300,2150,1910,1900,1850,1810,1950,1990,1840,1600,1600,1550,1540,1550,1590,1440,1200,1200,1890,1840,1850,1900,1750,1510,2360,2160,2110,2120,2170,2020,2240,2490,2290,2240,2250,2300,2100,2270,2510,2320,2270,2280,2000,2060,2240,2480,2280,2230,2140,1950,2020,2190,2430,2240,2100,2090,1900,1970,2140,2380,2280,2080,2080,1900,1960,2140,1980,2180,1990,2000,1820,1890,1510,1830,2030,1860,1870,1710,1140,1320,1630,1830,1680,1700,670,900,1060,1340,1530,1410,290,450,630,760,1000,1160,170,200,300,450,590,790
Gore District,13000,13050,13050,12950,12800,12550,640,640,620,590,560,520,730,660,660,640,600,580,880,770,700,700,670,640,830,800,690,620,620,600,540,670,640,530,460,460,740,590,720,690,590,510,870,790,640,780,750,640,760,900,820,670,810,780,690,790,930,850,710,840,730,710,810,950,880,730,830,730,720,820,960,880,950,820,730,710,810,950,980,920,800,710,700,800,820,960,900,790,700,690,660,790,920,880,780,700,570,610,730,860,820,740,400,480,500,610,730,710,240,270,330,350,430,520,150,150,160,200,220,260
Invercargill City,56800,57800,58600,59200,59600,59800,3100,2950,2930,2950,2980,2930,3410,3130,2980,2960,2980,3020,3810,3500,3220,3070,3050,3070,3690,3820,3500,3230,3080,3060,3310,3630,3730,3420,3140,3000,3350,3390,3730,3830,3520,3250,3830,3470,3520,3860,3970,3660,3800,3950,3610,3660,4000,4100,3580,3830,3980,3650,3700,4040,3510,3570,3820,3970,3640,3700,3510,3470,3520,3780,3930,3610,3520,3450,3400,3460,3720,3880,3690,3430,3360,3330,3390,3650,3150,3580,3340,3280,3260,3340,2640,2990,3410,3200,3160,3160,2090,2420,2740,3150,2980,2970,1460,1740,2020,2320,2680,2570,900,990,1200,1400,1630,1910,480,500,550,660,790,940
