Age,"Total people, age","Total people, age","Total people, age","Total people, age","Total people, age","Total people, age",0-4 Years,0-4 Years,0-4 Years,0-4 Years,0-4 Years,0-4 Years,5-9 Years,5-9 Years,5-9 Years,5-9 Years,5-9 Years,5-9 Years,10-14 Years,10-14 Years,10-14 Years,10-14 Years,10-14 Years,10-14 Years,15-19 Years,15-19 Years,15-19 Years,15-19 Years,15-19 Years,15-19 Years,20-24 Years,20-24 Years,20-24 Years,20-24 Years,20-24 Years,20-24 Years,25-29 Years,25-29 Years,25-29 Years,25-29 Years,25-29 Years,25-29 Years,30-34 Years,30-34 Years,30-34 Years,30-34 Years,30-34 Years,30-34 Years,35-39 Years,35-39 Years,35-39 Years,35-39 Years,35-39 Years,35-39 Years,40-44 Years,40-44 Years,40-44 Years,40-44 Years,40-44 Years,40-44 Years,45-49 Years,45-49 Years,45-49 Years,45-49 Years,45-49 Years,45-49 Years,50-54 Years,50-54 Years,50-54 Years,50-54 Years,50-54 Years,50-54 Years,55-59 Years,55-59 Years,55-59 Years,55-59 Years,55-59 Years,55-59 Years,60-64 Years,60-64 Years,60-64 Years,60-64 Years,60-64 Years,60-64 Years,65-69 Years,65-69 Years,65-69 Years,65-69 Years,65-69 Years,65-69 Years,70-74 Years,70-74 Years,70-74 Years,70-74 Years,70-74 Years,70-74 Years,75-79 Years,75-79 Years,75-79 Years,75-79 Years,75-79 Years,75-79 Years,80-84 Years,80-84 Years,80-84 Years,80-84 Years,80-84 Years,80-84 Years,85-89 Years,85-89 Years,85-89 Years,85-89 Years,85-89 Years,85-89 Years,90 Years and over,90 Years and over,90 Years and over,90 Years and over,90 Years and over,90 Years and over
Year at 30 June,1996,2001,2006,2013,2018,2023,1996,2001,2006,2013,2018,2023,1996,2001,2006,2013,2018,2023,1996,2001,2006,2013,2018,2023,1996,2001,2006,2013,2018,2023,1996,2001,2006,2013,2018,2023,1996,2001,2006,2013,2018,2023,1996,2001,2006,2013,2018,2023,1996,2001,2006,2013,2018,2023,1996,2001,2006,2013,2018,2023,1996,2001,2006,2013,2018,2023,1996,2001,2006,2013,2018,2023,1996,2001,2006,2013,2018,2023,1996,2001,2006,2013,2018,2023,1996,2001,2006,2013,2018,2023,1996,2001,2006,2013,2018,2023,1996,2001,2006,2013,2018,2023,1996,2001,2006,2013,2018,2023,1996,2001,2006,2013,2018,2023,1996,2001,2006,2013,2018,2023
"Total, New Zealand by territorial authority/SA2",3732000,3880500,4184600,4442100,4900600,5223100,294700,281000,286000,311930,305030,301870,295840,295470,291880,300070,327910,323280,269000,300740,310430,296770,313510,343130,270830,277620,313560,312480,317350,327180,280320,255630,291180,314920,340080,326740,284860,257240,260370,277490,371190,356730,302030,291640,286010,271090,338220,403660,295830,306680,312560,276360,310070,367030,264200,296880,322490,316570,301180,331800,249450,261680,305160,311990,333580,312360,192930,245100,263650,313670,320180,336310,164460,189260,243010,271760,316440,317630,137460,160980,186660,241010,270940,311780,135030,130930,155530,205760,235100,263760,115680,120770,120170,154040,191670,221430,83750,96550,103600,109340,135870,172040,56420,62520,74180,82120,87340,111510,27510,34560,39080,49780,54270,59940,11680,15230,19060,24940,30690,34880
Far North district,54500,56400,57500,60600,67900,74700,4910,4350,4020,4530,4490,4490,5340,5180,4630,4560,5070,5070,4910,5340,5180,4710,4940,5480,3600,3770,4210,4140,4280,4570,2760,2370,2440,2950,3180,3460,3230,2760,2360,2540,3670,3580,3910,3450,3040,2490,3390,4340,4170,4060,3680,2950,3100,4010,3770,4280,4190,3710,3510,3710,3530,3800,4460,4160,4310,4110,3010,3770,4120,4630,4800,4880,2860,3270,3910,4430,5210,5480,2460,3000,3360,4320,4970,5770,2230,2390,2910,3820,4660,5190,1680,1930,1990,2800,3650,4510,1090,1300,1500,1800,2280,3190,680,810,880,1160,1320,1650,280,420,440,620,730,870,90,140,230,270,340,370
Whangarei district,68400,70000,76500,83700,94100,101900,5720,5070,5260,6300,6110,6040,6140,5860,5670,6200,6910,6690,5470,6050,6290,5940,6510,7220,4790,4800,5810,5590,5610,6040,3890,3380,3850,4450,4790,4810,4420,3720,3430,4220,5610,5510,4960,4580,4390,3930,5580,6570,5230,5150,5290,4540,4960,6590,4840,5280,5800,5610,5140,5490,4540,4840,5600,5690,6200,5660,3590,4560,5080,6040,6220,6610,3280,3680,4790,5560,6670,6680,2800,3330,3920,5110,6080,7000,2860,2770,3470,4590,5500,6320,2380,2660,2710,3560,4720,5420,1590,2080,2360,2590,3370,4330,1060,1230,1640,1950,2100,2870,580,700,800,1210,1300,1370,210,320,390,570,750,750
Kaipara district,17800,17950,18550,20500,23700,27300,1500,1320,1330,1350,1470,1600,1680,1520,1400,1390,1610,1800,1530,1620,1530,1450,1470,1670,1130,1200,1270,1320,1330,1340,880,730,760,990,1020,1040,1070,870,770,800,1220,1160,1310,1070,990,920,1190,1540,1320,1260,1190,1020,1140,1500,1270,1390,1340,1220,1220,1400,1160,1310,1430,1370,1450,1490,1010,1240,1360,1600,1610,1690,980,1050,1360,1570,1860,1960,790,1010,1050,1530,1920,2280,760,740,990,1460,1830,2200,600,650,660,1100,1530,1910,430,450,540,630,950,1390,260,310,350,410,520,770,110,150,170,250,270,350,50,60,80,110,140,180
Auckland,1115800,1218300,1373000,1493200,1654800,1739300,91160,92830,98950,109860,107440,104260,87430,92990,97570,102070,111960,111550,76980,92010,101710,99570,104660,116650,81080,87500,104770,108750,109150,109940,87260,88470,108060,117740,128660,113250,93970,89940,98440,108550,144620,132080,98310,101400,103530,105060,130460,150430,90830,102640,110290,99320,117460,135620,80330,93590,110050,110370,105850,122560,75950,81160,98030,106790,113730,106650,57730,74600,81310,100450,106150,111250,46450,56390,72010,83520,97450,101120,36070,45220,54230,71340,80230,91810,34490,34160,42560,58000,64880,73790,29640,30600,30760,42060,50580,58110,22020,24560,26060,28860,36010,44430,15270,16570,18870,20910,23030,29700,7480,9460,10420,12930,14040,16380,3380,4200,5330,7040,8480,9750
Rodney local board area,39000,44100,51000,57300,69100,81000,2980,3130,3290,3440,4210,4900,3310,3570,4070,4180,4630,5440,3000,3710,4110,4260,4720,5190,2480,2880,3510,3810,4330,4790,1940,1780,2130,2800,3420,3890,2270,2040,2000,2420,3760,4130,2920,3020,2880,2560,3850,5100,3320,3740,4130,3140,4010,5500,3120,3840,4560,4590,4300,5260,3050,3320,4130,4740,5520,5090,2470,3240,3680,4780,5340,6060,2130,2620,3510,3890,5340,5700,1650,2220,2860,3750,4230,5670,1600,1660,2210,3470,3920,4440,1220,1390,1450,2380,3270,3750,800,1000,1140,1400,2060,2880,460,610,740,920,1140,1710,190,280,350,540,660,920,80,110,200,250,390,560
Hibiscus and Bays local board area,68000,75100,85200,94000,108500,117200,4460,4430,4820,5470,6020,5950,4840,5350,5560,5910,7050,7460,4870,5810,6670,6290,6940,8250,4820,5510,6540,6930,7160,7270,3910,3880,4660,5610,6360,6070,3950,3700,3560,4190,5990,5270,4570,4910,4810,4530,6310,6640,5480,5660,6500,5290,7120,8070,5380,6280,7070,7290,7120,8890,5380,5610,7070,7520,8350,8080,4120,5410,5710,7120,7690,8450,3410,4180,5320,6050,7200,7510,2890,3470,4350,5420,6230,7100,3080,2900,3710,5110,5470,6280,2740,2880,2930,4020,5030,5420,2030,2400,2600,2960,3670,4610,1280,1600,1860,2210,2410,3150,540,800,1020,1390,1480,1730,210,310,460,750,860,940
Upper Harbour local board area,24300,33700,45100,56800,66800,74500,1990,2490,2940,3560,3980,4450,1960,2660,3250,3580,4240,4750,1700,2690,3410,3900,3840,4610,1670,2360,3540,4320,4260,4000,1750,2420,3550,4630,5510,4730,2090,2360,2800,4090,5470,5060,2490,2870,2980,3770,5260,6230,2480,3170,3910,3550,5370,6540,2010,3050,4080,4590,4230,6100,1800,2530,3700,4580,4710,4310,1270,2210,2900,4270,4550,4540,890,1570,2420,3370,3990,4220,590,1050,1690,2680,3500,3910,530,700,1140,2010,2540,3520,480,590,860,1310,1900,2580,280,480,760,1020,1410,1990,200,290,630,750,1010,1420,110,170,330,510,680,890,50,80,170,300,420,600
Kaipatiki local board area,74700,78200,83600,87000,92900,91300,5570,5480,5590,6710,6350,5650,5140,5390,5220,5340,5860,5310,4790,5450,5340,4800,4800,5400,5510,5810,6090,5570,5230,4770,6260,5650,7430,6900,7480,5760,6740,6000,6570,6800,8790,7740,6740,7200,6980,7410,8430,9120,6020,6820,7260,6730,7980,7820,5340,5920,6600,6700,6360,7480,5510,5160,5710,6030,6230,5660,4470,5040,4830,5480,5480,5610,3400,3940,4490,4680,5010,4720,2460,3080,3550,3930,4200,4510,2090,2190,2710,3510,3360,3580,1800,1780,1800,2540,2780,2790,1310,1480,1460,1640,2050,2260,880,950,1100,1100,1270,1690,450,580,570,720,740,930,220,250,310,370,480,520
Devonport-Takapuna local board area,51600,52300,55700,58500,60500,58600,3080,2880,3070,3500,3090,2560,3270,3160,3230,3500,3770,3180,3150,3530,3690,3730,3710,3990,3810,3670,4200,4230,4150,3650,3900,3800,4080,4090,4060,3520,3730,3270,3590,3600,4150,3470,4020,3630,3570,3510,3910,3660,3840,4120,4030,3690,4050,3810,3830,4040,4630,4330,4080,4140,4090,3910,4260,4500,4540,4080,2920,3880,3660,4290,4350,4240,2210,2760,3530,3540,3830,4000,1790,2100,2580,3300,3220,3400,2020,1740,1940,2780,2870,3070,2020,1800,1600,2000,2430,2620,1720,1690,1540,1420,1780,2270,1300,1310,1270,1200,1200,1560,600,770,800,840,780,880,300,300,390,510,580,570
Henderson-Massey local board area,82200,90900,103700,113500,124600,131400,7780,7910,8610,10160,10010,9350,7330,7730,8150,8380,9440,9550,5960,7390,8200,7770,8180,9280,6310,6720,8280,8380,8060,8330,6470,6470,7310,8450,9100,8480,7040,6980,7400,8170,10810,10280,7550,7860,8120,8550,10730,12010,6740,7670,8550,8030,9320,11260,5470,6730,8090,8250,8100,9330,5030,5490,7120,7600,8140,7930,3740,4970,5570,7130,7340,7850,3240,3700,5010,5970,6980,6960,2760,3220,3610,4890,5560,6470,2390,2540,3080,3980,4240,4800,1880,2220,2400,2840,3280,3530,1180,1630,1990,2180,2210,2570,780,930,1300,1550,1620,1650,390,510,590,840,980,1140,160,230,300,390,520,650
Waitakere Ranges local board area,42100,44200,47500,50700,54200,55600,3800,3520,3760,4060,3700,3450,3810,3790,3770,3830,4050,3640,3180,3840,3850,3630,3760,4020,2850,3030,3620,3560,3590,3730,2740,2570,2680,3260,3380,3340,3240,2830,2720,2670,3640,3250,3990,3780,3760,3290,3660,4150,4070,4230,4290,3810,3950,4050,3380,3950,4310,4380,4060,4040,3180,3210,3810,4060,4420,3960,2240,2910,3020,3880,3930,4220,1600,1990,2640,3040,3640,3660,1190,1420,1750,2500,2800,3320,1040,1070,1200,1950,2170,2440,830,890,880,1160,1600,1830,500,640,700,750,950,1290,270,340,430,500,500,700,120,150,180,290,290,290,40,60,80,110,150,180
Aotea/Great Barrier local board area,1230,1100,940,950,960,1050,100,75,35,50,50,50,135,85,50,60,50,55,85,85,55,45,35,50,65,45,40,15,30,25,60,40,25,20,30,25,60,45,30,30,45,50,95,65,50,30,40,60,135,85,55,55,50,50,115,105,65,70,55,50,90,115,95,60,70,55,75,100,110,75,65,80,80,85,95,100,110,90,45,75,85,125,110,120,35,40,65,85,90,100,25,25,45,65,65,75,15,25,25,35,40,55,10,10,15,15,25,30,5,5,5,10,5,15,0,0,0,0,5,5
Waiheke local board area,6680,7560,8150,8630,9360,9420,460,480,510,530,420,340,480,500,510,530,500,410,410,540,520,450,530,440,310,370,450,450,420,480,280,270,330,350,380,310,370,330,350,330,570,380,490,530,590,400,530,660,550,620,650,550,500,660,520,630,720,700,620,550,570,600,630,710,750,570,480,670,600,680,760,720,400,570,710,620,760,820,380,410,520,720,680,800,320,320,390,670,710,670,260,280,240,440,610,700,180,210,180,220,360,520,140,140,140,150,150,260,60,70,70,80,80,90,10,20,40,50,30,30
Waitemata local board area,44900,52500,66600,81300,88500,86700,2340,2420,2790,3310,2800,2570,2160,1990,2050,2740,2710,2310,1830,1910,2050,2410,2630,2550,2890,3180,4300,5650,4990,4730,5600,7260,11310,12740,11960,8310,6080,7450,9810,12510,15260,10650,5440,6460,7660,9170,11220,13140,4190,4800,5560,5930,7000,8770,3300,3880,4630,5370,5170,5730,2930,3220,4110,4710,5220,4880,2030,3000,3430,4460,4670,5280,1550,2080,3170,3780,4380,4520,1140,1420,2010,3210,3490,4130,1070,1010,1380,2270,2790,3170,870,850,860,1370,1950,2530,630,690,680,770,1160,1770,480,440,480,530,600,1010,250,280,250,280,320,410,90,110,130,140,170,210
Whau local board area,59700,66200,73100,76700,84100,86300,4960,5160,5050,5980,5700,5300,4430,4940,4840,4870,5300,5060,3800,4580,5080,4490,4690,5350,4160,4850,5290,5330,5120,5070,4500,4930,6320,6170,6770,5530,5220,4760,5670,5930,7930,7120,5610,5600,5630,6070,7480,8230,4790,5890,5860,5300,6370,7570,3950,4980,5960,5490,5440,6310,3460,4030,4920,5220,5410,5320,2970,3390,3980,4980,5290,5140,2680,2970,3340,4140,4620,4970,2260,2740,2800,3370,3910,4200,2170,2160,2520,2690,2960,3450,1930,1960,2000,2370,2360,2570,1380,1570,1670,1780,1910,2030,890,1010,1270,1340,1430,1480,420,490,650,780,880,970,150,210,260,400,480,630
Albert-Eden local board area,86100,90000,96200,100000,103700,99500,6010,6000,5990,6240,4940,4330,5520,5560,5780,6060,5910,4840,4910,5580,6020,6280,6280,5990,5550,5940,6590,7300,6870,6470,8290,8450,9850,9030,9470,7220,9200,8380,9300,8660,10920,9600,9280,8910,8600,8080,9000,9720,7800,8630,8420,7470,7560,7490,6460,7150,8390,7980,7190,7020,5530,6050,6950,7810,7750,6590,3680,5100,5470,6720,7100,6840,2830,3400,4230,5140,5790,6130,2110,2640,2820,4110,4550,5080,2070,1910,2220,2970,3510,3920,2000,1730,1570,2060,2470,3010,1870,1580,1420,1510,1790,2250,1550,1380,1150,1150,1200,1530,950,1000,860,810,820,830,500,590,600,590,620,630
Puketapapa local board area,46100,49800,53900,56300,60900,61100,3540,3450,3320,3800,3530,3250,3390,3580,3400,3420,3640,3400,3220,3670,3930,3360,3320,3550,3590,4160,4590,4250,3840,3470,3510,3770,5100,5280,5730,4330,3640,3420,3950,4720,6540,5830,3830,3790,3670,4060,4960,5970,3660,4140,3840,3550,4290,4640,3320,3890,4340,3730,3520,4320,3000,3370,3940,3770,3670,3300,2240,2890,3320,3930,3640,3550,1870,2070,2630,3370,3780,3390,1540,1850,1990,2680,3100,3520,1560,1450,1680,1960,2350,2720,1510,1400,1280,1590,1630,2060,1210,1220,1120,1150,1410,1490,870,910,930,820,980,1270,430,530,570,560,620,690,190,220,300,360,360,340
Orakei local board area,70900,73000,78400,83700,87700,86200,4310,4320,4890,5000,4370,3530,4410,4340,4770,5470,5460,4870,4250,4640,4960,5440,5860,5700,4650,4670,4880,5090,5400,5420,5380,4890,5270,5260,5470,5060,5590,5160,4930,5070,6030,5390,5840,5520,5790,5120,5570,5610,5710,5960,6170,5520,5790,5500,5640,5870,6330,6510,6020,6010,5650,5620,6060,6540,6790,6010,4330,5410,5480,6020,6250,6510,3300,4040,5010,5510,5780,5790,2450,3080,3640,4790,5140,5240,2520,2270,2860,4000,4330,4480,2350,2230,2030,2900,3530,3810,1880,1980,1950,1970,2530,3160,1410,1500,1640,1590,1570,2040,820,950,1090,1120,1090,1160,420,540,660,770,780,890
Maungakiekie-Tamaki local board area,61700,66400,70400,73700,80500,84100,5870,6060,6100,6600,5990,5440,5110,4990,4910,5110,5330,5050,3870,4470,4600,4380,4500,4980,4020,4070,4680,4490,4500,4720,4890,5080,5450,5690,6510,5920,6090,6150,6440,6250,8430,7970,6140,6870,6870,6580,7890,8760,5090,5770,6210,5770,6440,7460,4070,4560,5190,5250,5380,6000,3380,3930,4390,4590,4940,4980,2550,3380,3820,4370,4460,4760,2220,2570,3180,3830,4120,4340,1750,2250,2440,3280,3550,3870,1980,1690,1930,2370,2800,3090,1770,1590,1380,1830,1960,2410,1400,1340,1200,1290,1550,1720,950,910,900,970,1080,1360,410,530,460,660,660,750,170,200,250,350,460,500
Howick local board area,80900,97300,119100,135000,149400,157700,4990,6090,7230,8470,8820,8110,5530,6850,7940,8660,9760,10140,6160,7740,9330,9170,9780,11040,6920,7910,10060,10310,10310,10120,5990,6420,8870,9360,9740,9390,5120,5630,6960,8560,10570,9880,5660,6700,7640,8950,10460,11400,6170,7920,9360,8590,11190,12100,6690,7950,10490,10420,10100,12770,7150,7490,9300,10620,10970,10570,5300,7230,7770,9780,10310,10510,3960,5290,6910,8280,9290,9580,2880,4100,5130,7080,8050,8550,2640,3080,4000,5760,6640,7470,2170,2510,2860,4180,5100,5910,1650,1980,2280,2880,3670,4450,1170,1330,1630,2050,2380,3010,530,800,890,1250,1460,1720,220,310,440,650,840,990
Mangere-Otahuhu local board area,61400,64600,72500,75300,82700,89200,7030,7070,7430,7600,7060,6600,6350,6760,6980,6920,7470,7250,5100,6170,6830,6770,6880,7830,5180,5150,6640,6650,7230,7470,5250,5050,5830,6450,6900,7350,5580,4990,5200,5290,6950,6800,5030,5220,5230,5010,6070,7000,4250,4750,5330,4500,5160,6280,3570,4070,4840,4940,4830,5460,3270,3360,4250,4730,5000,4980,2790,3100,3400,4160,4850,5040,2270,2560,3050,3390,4160,4810,1720,2050,2530,2910,3230,3960,1440,1520,1940,2290,2540,2970,1130,1210,1270,1630,1900,2220,690,800,890,1050,1320,1510,450,450,520,620,680,980,210,240,220,300,360,420,100,80,80,110,160,230
Otara-Papatoetoe local board area,67800,70400,76600,80300,90500,96700,7410,7370,7280,7590,7540,7600,6490,6840,7000,6650,7390,7710,5320,6300,6890,6550,6640,7680,5540,5550,6730,6880,6890,7050,5900,5510,6080,7140,8790,6710,6010,5430,5800,6420,9430,9130,5750,5620,5700,5730,7450,9750,4730,5220,5710,5180,5940,7390,4100,4510,5310,5130,5050,6050,3640,3920,4600,4820,5250,5020,2890,3360,3860,4540,4890,5340,2520,2740,3180,3710,4440,4670,2050,2330,2550,3150,3470,4120,1810,1780,2000,2420,2660,3160,1460,1500,1440,1810,1950,2260,1080,1140,1160,1210,1360,1490,650,740,770,740,800,910,310,360,400,430,410,440,140,150,150,180,180,200
Manurewa local board area,60100,69100,81600,87000,100900,110900,6660,7190,8120,8580,8690,8860,6210,6880,7820,7790,8920,9100,4820,6170,7350,7110,7900,9300,4510,5200,6900,7160,7610,8420,4900,4970,6160,7150,8740,7930,5480,5300,5840,6340,9340,9420,5680,6030,6010,5880,8030,10190,4790,5840,6310,5480,6570,8510,3780,4900,5940,5860,5710,6900,3380,3890,5250,5450,6170,5900,2480,3460,4070,5280,5670,6190,2050,2600,3540,4290,5160,5450,1540,2030,2620,3400,4070,4810,1330,1480,2010,2630,2950,3520,1010,1260,1340,1810,2100,2500,620,880,1090,1180,1460,1810,490,480,680,890,940,1190,210,340,330,480,550,620,130,150,210,240,280,300
Papakura local board area,38000,38900,43100,48200,61100,75800,3600,3300,3640,4470,5260,6890,3310,3410,3470,3880,4850,6160,2790,3260,3650,3470,4170,5360,2940,2940,3620,3540,3990,4630,3000,2760,2880,3670,4560,4910,3180,2850,2860,3420,5680,6190,3140,2940,3140,3110,5420,7830,2790,2940,3090,3010,4210,6860,2560,2760,3190,3250,3450,4720,2460,2450,2880,3220,3760,3840,1930,2300,2400,3130,3480,3900,1600,1780,2250,2430,3380,3630,1190,1460,1670,2150,2600,3330,1140,1040,1340,1780,2070,2450,890,1000,1000,1290,1600,1850,680,740,930,900,1080,1480,470,580,610,760,740,880,190,300,350,430,480,490,80,120,160,220,290,340
Franklin local board area,48400,52900,60600,68300,77700,85300,4220,4000,4480,4740,4910,5080,4240,4630,4790,5190,5630,5880,3770,4490,5150,5280,5520,6090,3310,3480,4240,4840,5180,5330,2750,2500,2730,3710,4280,4460,3270,2840,2680,3100,4330,4490,4050,3860,3860,3260,4200,5210,4220,4660,5060,4160,4570,5300,3720,4510,5300,5560,5070,5410,3430,3900,4860,5510,6080,5510,2760,3530,4220,5370,6050,6430,2230,2880,3810,4400,5680,6150,1690,2230,3040,3910,4550,5700,1640,1610,2220,3300,3890,4490,1280,1490,1520,2470,3080,3710,910,1090,1260,1550,2240,2820,570,680,800,1040,1290,1880,280,330,430,600,700,970,100,140,170,310,410,440
Thames-Coromandel district,25400,25800,26700,27300,30700,33700,1700,1450,1410,1390,1360,1310,1840,1750,1560,1540,1610,1570,1630,1820,1690,1580,1590,1710,1340,1300,1450,1310,1430,1450,1150,860,990,960,1060,1090,1390,1100,1000,970,1260,1180,1570,1490,1300,1000,1200,1520,1690,1670,1620,1300,1260,1470,1750,1810,1820,1640,1460,1570,1720,1840,1920,1690,1840,1620,1570,1920,2010,2020,1950,2020,1590,1740,2240,2210,2500,2400,1580,1790,2000,2460,2680,3060,1720,1630,1820,2460,3160,3310,1350,1490,1350,1920,2720,3380,860,1050,1170,1230,1720,2500,520,610,740,900,980,1430,270,340,390,500,580,660,110,150,190,250,320,400
Hauraki district,18550,18000,18300,18600,20700,22400,1650,1300,1150,1240,1200,1180,1740,1580,1300,1140,1350,1390,1610,1660,1590,1280,1270,1450,1270,1180,1310,1200,1180,1160,940,700,710,890,900,870,1150,830,730,780,1070,980,1350,1100,890,740,1030,1260,1530,1360,1200,880,910,1240,1320,1370,1360,1150,1040,1010,1150,1240,1380,1290,1320,1160,960,1190,1250,1380,1460,1480,880,990,1270,1340,1560,1600,760,910,1090,1270,1550,1720,700,820,970,1340,1490,1810,590,670,780,1010,1380,1500,440,510,600,770,940,1260,290,320,410,510,560,760,150,190,200,280,310,360,50,70,100,110,130,160
Waikato district,52000,53700,59500,66500,78200,90100,4700,4570,4720,5030,5510,5940,4990,4910,5050,5500,6250,6830,4620,4950,5220,5480,6260,7140,3820,3930,4580,4600,5260,6110,3170,2730,2940,3670,4170,4770,3510,2940,2950,3300,4670,4820,4020,3910,3700,3490,4710,6180,4250,4290,4540,4160,4780,6060,3780,4310,4850,5230,5080,5790,3490,3860,4710,5150,6040,5860,2820,3510,4030,5120,5720,6410,2310,2710,3690,4460,5430,5950,1900,2110,2750,3550,4530,5570,1650,1630,2020,2980,3560,4450,1220,1350,1420,1970,2730,3440,810,940,1080,1220,1700,2380,550,600,730,860,950,1380,230,340,340,520,530,620,120,110,210,250,300,420
Matamata-Piako district,30300,30300,31200,32900,35300,37700,2640,2370,2180,2390,2280,2370,2660,2540,2390,2380,2410,2380,2510,2640,2540,2370,2360,2420,2070,2190,2290,2230,2190,2160,1790,1400,1570,1920,2010,1930,2140,1640,1480,1730,2360,2300,2390,2090,1830,1650,1950,2600,2420,2320,2250,1800,1890,2220,2060,2390,2310,2150,1910,2010,1820,1950,2320,2230,2190,1920,1480,1710,1940,2400,2300,2220,1400,1440,1740,2020,2420,2390,1180,1370,1460,1810,2150,2470,1240,1220,1430,1640,1960,2270,1040,1150,1180,1460,1710,2090,690,880,1080,1120,1410,1620,480,540,690,910,960,1190,210,290,360,470,600,700,100,130,160,220,270,370
Hamilton city,113500,121200,134800,150200,168600,185300,8930,9260,9980,12040,12070,12760,8520,9020,9400,10440,12280,12470,7920,9160,9690,9860,11070,12880,10280,10620,11430,12150,12060,13080,12560,11870,14060,14710,15740,15070,9690,9540,10710,11870,15270,15970,8730,9240,9580,10460,13200,16470,8250,8670,9520,9510,11350,14300,7510,8360,9190,9860,10210,11960,7060,7610,8580,9140,10430,10610,5370,6850,7550,8910,9170,10320,4220,5120,6600,7750,8740,8610,3440,4010,4930,6640,7490,8220,3340,3270,3890,5430,6130,6960,2950,3120,3180,3950,4990,5560,2200,2490,2830,2930,3530,4490,1580,1700,2020,2380,2350,2940,690,940,1140,1420,1630,1570,290,370,480,720,920,1020
Waipa district,38400,40000,43700,48700,55000,61100,3020,2850,2980,3280,3470,3700,3350,3280,3210,3500,3850,4040,3160,3450,3550,3610,3910,4370,2900,2890,3220,3510,3660,3840,2280,1940,2120,2570,2970,3160,2470,2270,2040,2380,3140,3420,2930,2730,2610,2480,3220,3820,3250,3170,3260,2870,3130,3930,2790,3270,3490,3510,3340,3570,2490,2830,3400,3610,3950,3700,1940,2550,2930,3700,3730,4060,1640,1920,2620,3180,3770,3770,1470,1670,2020,2710,3180,3880,1380,1460,1810,2460,2800,3250,1190,1290,1550,1900,2510,2930,960,1080,1200,1440,1880,2510,690,740,920,1050,1320,1680,330,460,510,620,760,950,150,180,240,270,400,560
Otorohanga district,9960,9590,9310,9590,10500,10900,870,740,690,810,780,680,910,870,720,760,830,760,860,860,800,670,760,810,780,760,710,670,660,700,630,620,590,590,620,590,700,620,540,560,750,700,800,740,600,580,760,790,850,760,680,570,610,770,710,730,750,660,620,620,660,570,710,640,680,610,490,590,570,690,660,670,450,420,570,580,690,670,350,400,420,560,580,650,330,300,340,440,540,600,210,250,220,340,400,480,180,150,190,220,280,350,100,120,120,130,160,230,60,50,60,80,90,120,20,30,30,40,60,70
South Waikato district,25800,24200,23200,23200,24800,26000,2720,2220,1780,1900,1900,1840,2670,2440,2080,1780,1970,1970,2310,2340,2250,1820,1800,1980,2000,1710,1870,1730,1620,1610,1710,1300,1100,1370,1460,1430,1920,1480,1170,1170,1640,1620,2040,1760,1400,1170,1420,1810,1960,1840,1630,1240,1260,1490,1690,1760,1670,1580,1320,1270,1520,1550,1600,1540,1610,1350,1260,1350,1390,1640,1640,1630,1130,1150,1280,1400,1710,1650,880,1030,1110,1270,1450,1730,810,820,1040,1200,1240,1450,580,680,780,960,1130,1120,340,470,570,660,770,950,190,240,320,460,490,580,80,90,150,210,290,340,20,40,40,70,110,180
Waitomo district,10000,9780,9680,9340,9630,9720,940,820,770,750,690,660,920,910,850,750,710,660,890,860,860,760,700,680,680,730,740,660,630,580,590,510,500,530,590,530,640,550,540,500,620,600,800,620,590,530,520,670,830,810,640,500,580,520,660,750,750,570,520,560,730,640,680,650,590,530,510,640,600,690,680,590,430,490,590,610,690,700,400,410,450,580,620,690,340,340,360,440,540,570,280,290,290,320,370,460,190,220,220,220,270,330,130,120,130,150,160,220,50,60,80,80,90,110,20,20,30,40,50,60
Taupo district,31600,32500,33400,34800,38600,42000,2840,2530,2350,2570,2500,2410,2800,2760,2420,2540,2700,2720,2540,2660,2570,2390,2590,2690,2060,2130,2270,2130,2260,2430,2040,1770,1840,1870,1850,1890,2440,1990,1850,1860,2350,2200,2480,2400,2120,1960,2320,2750,2550,2500,2520,2010,2230,2540,2210,2460,2460,2470,2240,2450,1970,2160,2530,2380,2600,2450,1640,2010,2140,2510,2560,2800,1400,1700,2070,2210,2700,2690,1280,1540,1760,2080,2360,2880,1180,1300,1470,1980,2400,2650,980,1080,1170,1530,2050,2550,640,780,900,1020,1390,1880,360,450,590,720,780,1140,150,220,290,370,500,560,70,100,110,160,210,290
Western Bay of Plenty district,35400,38700,42600,45100,53000,60800,2740,2620,2560,2770,2850,3240,3000,3230,3100,2970,3390,3380,2840,3460,3430,3280,3450,3790,2250,2480,3010,2900,3120,3310,1590,1360,1530,2140,2580,2700,1910,1630,1590,1740,3020,2980,2430,2270,2130,1880,2630,3930,2730,2880,2810,2220,2570,3610,2590,3110,3440,3010,2940,3330,2530,2770,3570,3330,3530,3570,2120,2710,3190,3590,3850,3980,2050,2310,3000,3490,4150,4280,1830,2260,2550,3140,3890,4610,1690,1820,2320,2980,3580,4370,1360,1540,1690,2300,3110,3700,850,1100,1310,1570,2120,2840,490,630,830,1010,1240,1800,250,340,390,510,660,900,120,140,180,270,320,470
Tauranga city,80100,93800,107300,120200,142500,161800,5770,6660,7160,8420,9070,9740,5910,6810,7460,8280,9820,10490,5630,6990,7570,8140,9430,10830,5100,6190,7210,7520,8260,9490,4750,4630,5920,6460,7340,8130,5290,5450,5820,6420,9340,9680,5960,6400,6720,6490,9240,11970,5820,6910,7520,7280,8600,11240,5490,6780,7800,8350,8790,10090,5150,6160,7400,8030,9570,9690,4220,5740,6670,8090,8730,10020,3820,4770,6210,7230,8760,9090,3580,4420,5300,6720,7850,9100,4010,4080,5070,6560,7570,8250,3800,4230,4210,5490,7110,7840,2830,3660,4010,4190,5500,7000,1770,2320,3030,3390,3720,4880,820,1170,1540,2130,2420,2700,360,480,710,1030,1370,1600
Rotorua district,66600,66900,68100,68400,74800,78200,6190,5630,5450,5270,5190,5350,6150,5820,5650,5230,5710,5380,5430,5840,5870,5350,5520,6020,5030,4960,5300,5030,5150,5140,4820,4080,3770,4300,4630,4530,4970,4380,4000,3980,5370,5130,5300,4820,4530,3630,4920,5620,5250,5180,4940,4190,4300,5230,4510,5160,5120,4670,4580,4710,4190,4410,4960,4720,5040,4690,3270,4000,4200,4890,4830,5100,2740,3020,3820,4190,4870,4650,2260,2620,2920,3740,4070,4690,2170,2090,2400,3090,3540,3800,1780,1890,1790,2400,2720,3100,1200,1420,1580,1570,1990,2290,790,880,1020,1180,1200,1510,380,470,530,700,730,770,160,210,230,320,420,450
Whakatane district,34200,34100,34500,34200,37100,38800,3280,2870,2590,2530,2610,2580,3300,3180,2810,2690,2760,2790,2990,3250,3230,2730,2850,2910,2520,2380,2690,2430,2470,2570,2170,1810,1600,1820,1940,1980,2240,2030,1700,1590,2200,2070,2570,2230,2130,1720,2040,2350,2690,2480,2260,1940,1920,2310,2330,2570,2510,2340,2100,1940,2150,2290,2550,2250,2410,2190,1690,2130,2320,2470,2350,2470,1500,1570,2130,2380,2660,2410,1280,1430,1560,2110,2450,2700,1210,1170,1400,1710,2200,2450,980,1060,1080,1330,1660,2020,690,780,880,950,1190,1490,400,500,570,650,700,940,170,220,300,370,390,420,60,80,110,160,210,210
Kawerau district,8120,7290,7150,6650,7460,7820,950,690,620,600,600,520,960,820,630,550,570,630,770,780,730,570,590,560,670,490,580,490,510,530,550,410,310,400,430,430,570,450,390,350,440,410,660,510,420,290,400,450,600,540,480,340,360,430,500,480,470,370,360,390,470,420,430,360,400,360,380,410,400,450,410,410,310,350,400,360,490,410,250,300,390,370,450,540,220,230,330,390,450,480,130,210,250,310,410,460,80,130,180,210,300,380,40,60,90,150,160,230,10,20,40,60,110,110,10,10,10,20,40,70
Opotiki district,9620,9490,9200,8780,9670,10550,1030,790,710,630,720,760,1020,970,810,710,720,800,840,960,950,680,690,730,670,660,690,590,600,640,500,430,390,510,510,550,590,440,410,410,640,650,690,580,450,370,520,670,750,670,580,410,450,580,610,710,630,510,450,530,600,570,650,560,610,520,430,620,580,710,590,660,440,470,600,610,790,670,430,450,460,590,670,840,360,400,430,490,590,720,280,320,340,390,470,540,200,220,230,280,290,380,120,140,170,190,180,210,50,70,80,90,110,90,20,30,30,40,50,50
Gisborne district,47200,45500,45900,47000,49500,52600,4440,4030,3750,3880,3720,3630,4590,4260,3920,3950,3980,3870,4100,4310,4190,3860,3910,4060,3400,3360,3670,3450,3490,3490,3000,2390,2490,2890,2760,2940,3140,2740,2410,2540,3180,3150,3460,3010,2780,2480,2920,3650,3720,3260,3070,2680,2700,3290,3360,3400,3260,3060,2810,2960,2870,3040,3380,3010,3150,2960,2180,2700,2990,3220,3130,3320,1900,2030,2620,2970,3320,3200,1800,1740,1930,2650,2970,3250,1660,1540,1670,2110,2570,2900,1350,1400,1340,1580,1900,2330,1000,1040,1120,1110,1340,1650,750,690,740,860,850,1070,320,430,390,470,570,570,130,150,210,220,280,340
Wairoa district,10200,9260,8720,8300,8720,9290,1010,790,700,730,660,660,1030,930,770,700,700,690,980,890,800,660,660,740,780,640,630,590,590,580,570,470,440,460,490,530,640,500,430,370,520,560,740,560,480,410,430,580,810,650,510,420,440,480,660,690,600,460,420,450,670,630,700,490,510,470,470,630,600,620,540,570,450,430,590,590,640,580,410,400,430,530,620,620,400,360,330,450,560,650,270,310,290,310,390,470,160,200,210,240,250,330,120,90,130,160,160,180,60,60,50,80,90,80,10,20,30,40,40,50
Hastings district,68100,69600,73200,76700,84700,91900,5810,5570,5450,5790,5560,5530,6060,5920,5850,5820,6400,6050,5430,6220,6200,5970,6180,6810,4930,4890,5660,5490,5800,5880,4430,3640,3720,4200,4750,4920,4570,4030,3720,3860,5520,5730,5000,4720,4490,3700,4790,6510,5220,5190,5100,4400,4640,5860,4790,5340,5550,5390,5040,5580,4640,4630,5430,5430,5850,5480,3500,4480,4760,5640,5580,5970,3060,3440,4490,4840,5830,5620,2580,2950,3400,4450,4830,5800,2470,2380,2780,3830,4410,4710,2170,2180,2190,2890,3680,4110,1560,1800,1860,2030,2640,3400,1070,1190,1380,1510,1690,2170,560,680,750,950,980,1130,220,310,390,510,570,600
Napier city,54900,55200,56800,59600,64200,67500,4210,3780,3740,4080,3900,3830,4170,4210,3860,3960,4390,4200,3860,4330,4280,4060,4230,4470,3890,3800,4100,4020,4080,4020,3550,2960,3030,3370,3410,3520,3830,3370,3050,2890,3960,3790,3910,3600,3580,2990,3570,4480,4040,3940,3860,3460,3430,4060,3690,4090,4200,4080,3840,3810,3880,3640,4020,3950,4360,4090,3050,3730,3620,4280,4250,4470,2590,2910,3730,3750,4360,4340,2240,2520,2880,3770,3810,4340,2380,2230,2480,3350,3810,3790,2130,2180,2080,2610,3340,3710,1640,1840,1880,2010,2340,3030,1050,1210,1350,1520,1580,1890,530,610,740,950,990,1020,230,270,310,490,580,650
Central Hawke's Bay district,13350,13200,13250,13250,14650,16000,1070,940,880,990,980,950,1220,1080,990,870,1080,1160,1220,1210,1080,890,980,1130,980,980,970,810,810,920,710,610,590,580,590,630,810,710,610,550,710,720,940,840,750,630,780,900,1100,970,890,750,770,970,1050,1040,1040,880,840,860,960,1020,1040,920,960,970,690,920,1000,1090,1010,1010,590,710,970,1040,1160,1040,500,600,700,1000,1120,1250,470,470,570,830,1010,1160,410,400,430,600,800,950,280,340,330,360,500,680,180,210,240,290,280,400,100,110,120,120,180,190,50,50,60,80,90,140
New Plymouth district,69700,68400,71100,77100,83300,88900,5250,4620,4390,5420,5280,5220,5720,5210,4840,5250,5870,5860,5410,5750,5400,5110,5650,6210,5090,4850,5300,4840,5070,5580,4310,3500,3790,4330,4220,4340,4620,3800,3780,4220,5150,4670,5190,4520,4450,4300,5070,5800,5640,5060,4970,4740,5040,5840,5060,5450,5300,5430,5260,5640,4700,4760,5420,5200,5620,5540,3550,4470,4720,5700,5310,5670,3070,3400,4480,5080,5850,5400,2740,3010,3410,4710,5170,5920,2760,2700,2980,3890,4550,5180,2500,2590,2540,2920,3670,4350,1870,2200,2320,2340,2660,3360,1240,1400,1740,1830,1880,2200,640,770,880,1200,1240,1310,300,410,440,580,720,820
Stratford district,9750,9110,9120,9210,9710,10300,800,620,640,710,650,700,920,720,650,650,750,690,800,870,780,680,670,770,680,670,770,630,610,580,560,480,440,530,470,520,680,510,450,520,640,570,750,570,510,530,620,690,780,680,590,540,540,680,630,730,690,640,570,540,580,580,690,620,610,570,450,560,550,660,640,600,450,430,550,560,710,660,390,410,430,500,560,710,430,360,390,440,520,560,350,360,330,330,410,530,240,270,310,280,290,390,140,180,220,230,230,230,80,90,90,130,150,170,30,40,40,50,70,110
South Taranaki district,29800,28400,27200,27500,28300,29600,2590,2180,2040,2180,2040,1920,2800,2530,2140,2030,2210,2090,2550,2520,2220,2070,2030,2260,2090,1980,1970,1820,1810,1870,1870,1510,1480,1620,1430,1560,2120,1710,1540,1640,1740,1450,2330,2040,1710,1600,1810,1960,2240,2160,1940,1570,1660,1910,2030,2040,2030,1860,1610,1760,1830,1850,1880,1910,1970,1670,1510,1650,1770,1940,1950,2040,1330,1450,1550,1720,1960,2020,1170,1230,1310,1490,1700,1910,1080,1050,1100,1350,1400,1640,900,930,860,980,1210,1340,630,710,720,730,840,1040,440,440,530,490,520,650,220,250,230,300,290,330,80,120,140,140,160,160
Ruapehu district,17300,15000,14050,12450,12750,13050,1800,1320,1080,1070,920,850,1740,1360,1160,1000,1020,890,1410,1370,1240,850,850,950,1200,1050,1140,840,740,710,1460,910,780,790,710,620,1380,930,770,730,890,750,1460,1200,880,660,760,920,1500,1200,1040,710,690,810,1120,1140,980,750,680,660,970,960,1060,840,770,730,710,900,940,920,900,760,630,660,860,890,940,930,520,550,610,770,930,970,490,460,480,580,760,910,380,390,370,450,530,720,280,290,300,260,350,460,170,190,190,170,170,260,70,90,100,120,100,110,20,40,40,40,60,50
Whanganui district,46000,44400,43800,43500,46800,48900,3610,3110,2780,2970,2830,2810,3780,3470,3060,2830,3210,3000,3610,3780,3530,3040,3080,3420,3390,3190,3270,3040,3010,2860,2830,2380,2240,2370,2520,2480,2930,2400,1990,2090,2700,2670,3190,2700,2500,2060,2460,3040,3460,3100,2760,2260,2380,2740,3180,3280,3130,2740,2520,2650,2850,3110,3200,2940,3030,2740,2260,2730,2970,3240,3070,3170,2100,2100,2700,2990,3340,3090,1960,2060,2130,2700,3120,3440,2050,1870,2020,2400,2830,3170,1860,1840,1760,1920,2430,2800,1330,1530,1620,1550,1780,2240,950,950,1180,1220,1220,1430,470,590,590,800,750,750,210,260,330,360,470,430
Rangitikei district,16750,15500,15150,14550,15450,16300,1460,1210,1010,1080,1060,1040,1630,1320,1140,1030,1070,1050,1420,1400,1240,1000,1050,1080,1060,1090,1110,900,940,1060,970,730,830,860,830,870,1130,840,730,730,970,880,1390,1000,810,730,900,1080,1380,1220,980,740,750,970,1060,1190,1180,890,760,780,1010,1000,1160,1070,940,800,860,960,1020,1120,1110,990,770,810,970,1020,1160,1160,690,770,780,850,1050,1200,630,620,730,840,910,1020,490,540,540,650,790,860,370,370,440,490,540,680,260,250,270,310,350,430,120,150,130,170,190,230,50,60,80,50,80,110
Manawatu district,26800,26300,26800,28500,31100,33900,2140,1900,1730,1900,2000,2060,2330,2190,1970,2000,2200,2300,2310,2310,2330,2120,2180,2440,1960,1860,2140,2040,1940,2010,1560,1280,1260,1470,1620,1610,1870,1420,1230,1450,1800,1980,2070,1860,1580,1380,1790,2210,2180,2030,1930,1670,1730,2100,2000,2100,2120,1930,1890,1960,1740,1870,2060,2170,2060,1970,1330,1690,1870,2200,2220,2110,1260,1340,1680,1890,2260,2260,1020,1210,1310,1790,1930,2340,900,940,1160,1450,1750,1910,810,810,860,1150,1460,1760,590,690,650,810,1010,1320,400,430,500,560,680,850,210,230,270,330,400,460,100,110,120,170,200,280
Palmerston North city,77100,77100,80800,83500,88300,91800,5670,5250,5390,5880,5810,5600,5460,5340,5340,5470,5870,6000,5010,5590,5540,5390,5540,6000,7300,6850,7170,6900,6600,6670,9720,8200,8570,8480,8570,7610,6480,5990,6010,6040,7170,7210,6030,5480,5380,5250,6040,6790,5550,5640,5390,4930,5300,6120,4820,5440,5670,5330,5100,5490,4580,4620,5460,4990,5370,5150,3440,4350,4480,5420,4970,5400,2870,3250,4120,4530,5300,4760,2400,2740,3080,4010,4330,5030,2380,2240,2590,3300,3820,4130,2040,2170,2120,2550,3040,3630,1520,1760,1900,1940,2300,2710,1110,1210,1420,1550,1560,1920,520,700,750,1020,1020,1040,230,340,390,500,590,550
Tararua district,19500,18350,18050,17450,18450,19200,1720,1390,1340,1290,1220,1190,1790,1650,1400,1330,1340,1280,1680,1650,1530,1240,1360,1310,1400,1280,1340,1110,1150,1220,1090,760,820,880,880,900,1120,950,800,820,1040,970,1500,1150,1110,860,970,1200,1570,1450,1230,940,990,1070,1430,1430,1370,1170,1000,1030,1240,1310,1370,1190,1220,1070,970,1150,1290,1350,1300,1260,930,930,1100,1250,1390,1360,760,850,860,1070,1240,1390,740,680,750,930,1120,1240,590,610,610,720,870,1100,440,480,510,520,590,760,320,320,370,410,380,450,160,190,190,230,260,230,80,90,90,140,130,160
Horowhenua district,30800,30600,30600,31200,34500,37500,2460,2130,1940,1930,1920,2160,2540,2360,2190,2000,2190,2190,2280,2470,2340,2090,2170,2430,1960,1920,2090,2020,2030,2120,1690,1310,1180,1520,1710,1830,1870,1470,1210,1270,1890,1960,2070,1790,1550,1230,1610,2150,2230,2190,1860,1450,1540,1920,1910,2160,2170,1810,1730,1750,1860,1860,2130,2130,2090,1960,1660,1890,1870,2300,2400,2230,1560,1740,2020,2100,2570,2580,1480,1710,1920,2040,2320,2750,1650,1560,1800,2250,2360,2560,1420,1510,1520,1820,2320,2390,1050,1200,1280,1370,1660,2140,630,760,850,1000,1050,1300,320,380,430,570,630,690,170,190,220,270,320,390
Kapiti Coast district,39400,43600,47500,50700,55200,58400,2700,2680,2690,3010,2770,2690,3160,3140,3080,3130,3360,3120,2640,3360,3300,3210,3320,3490,2220,2420,2960,2930,3150,3190,1670,1480,1720,2100,2200,2360,1990,1760,1540,1700,2470,2450,2640,2470,2280,2000,2390,3120,2700,3110,3190,2520,2750,3020,2580,3060,3480,3560,3070,3290,2570,2730,3300,3610,3980,3330,2070,2850,2940,3770,3850,4250,1970,2460,3170,3260,4030,4200,2150,2470,2800,3210,3550,4250,2450,2520,2850,3480,3650,3860,2270,2530,2600,2980,3660,3750,1770,2100,2380,2400,2850,3520,1130,1430,1800,1940,2030,2390,540,750,950,1220,1310,1390,210,310,400,640,740,740
Porirua city,48200,49500,50600,53700,58900,62400,4700,4770,4370,4630,4470,4210,4770,4650,4420,4320,4830,4610,3930,4490,4280,4150,4370,4820,3670,3810,4250,4020,4160,4310,3600,3150,3230,3510,3660,3880,3690,3440,2990,2950,4040,3890,3940,3980,3670,3210,3900,4550,3840,3970,3970,3720,3880,4430,3420,3700,3930,4170,4010,4120,3180,3200,3560,3850,4270,4070,2530,3010,3060,3700,3860,4190,2100,2260,2810,3170,3610,3780,1500,1780,2060,2720,2980,3260,1270,1140,1570,2170,2480,2720,950,950,950,1510,1900,2140,580,630,730,850,1250,1600,280,350,430,590,650,1010,150,170,200,300,390,460,60,80,100,140,180,300
Upper Hutt city,37700,37700,39700,41300,45400,48300,2990,2770,2640,2840,2820,3030,3000,2960,2900,2730,3020,3050,2790,3020,3140,2830,2850,3210,3020,2750,3040,2900,2940,2880,2850,2300,2300,2420,2620,2690,2710,2320,2050,2180,3030,2990,2970,2760,2640,2370,3040,3670,3110,3100,3140,2740,3030,3570,2650,3050,3200,3340,3100,3190,2630,2530,3120,3140,3420,3070,1940,2440,2450,3210,3190,3400,1610,1820,2370,2570,3170,3040,1460,1460,1740,2140,2450,3020,1340,1300,1380,1910,1990,2250,1110,1170,1190,1360,1700,1780,730,920,1040,1060,1200,1490,460,570,760,870,890,1010,200,290,390,490,600,570,100,140,170,260,320,370
Lower Hutt city,98800,99100,101300,101200,108600,114000,8310,7870,7640,7460,7190,7040,8190,7920,7540,7160,7500,7280,6990,7980,7680,6970,6900,7450,7010,6870,7800,6880,6920,6620,7160,6260,6380,6650,6890,6790,7840,6720,6200,6200,8100,8130,8410,7990,7280,6540,8070,9390,8090,8220,7950,6770,7660,8970,6830,7820,7960,7560,7070,8120,6700,6500,7580,7250,7580,7090,5140,6170,6250,7360,7100,7400,4380,4660,5720,6160,7090,6640,3430,3850,4270,5250,5930,6600,3220,2980,3450,4310,4700,5290,2720,2610,2570,3270,3680,4050,2010,2120,2190,2220,2750,3130,1400,1380,1590,1690,1760,2240,720,810,780,980,1070,1120,250,340,430,480,590,660
Wellington city,163400,171100,187700,197500,211200,216200,11300,11190,11720,12090,10490,8790,10150,10320,10410,11260,11500,9590,9120,10040,10750,10770,11300,11420,10740,11260,13190,14320,14700,15210,16330,16330,19730,20430,22600,23990,17490,16550,17590,17150,21170,22350,16890,16810,16980,16090,17340,18950,14240,15650,16230,14830,15540,15510,11960,13420,15250,15030,14430,14400,11020,11300,13140,14340,14840,13890,8330,10370,10900,13120,13800,13970,6600,7520,9530,10410,12280,12600,5110,5820,6600,8700,9280,11060,4420,4340,4960,6690,7490,7830,3760,3690,3690,4570,5690,6400,2650,2980,2940,3100,3840,4740,1880,1880,2230,2380,2380,2980,1010,1140,1190,1440,1540,1610,410,550,640,740,930,940
Masterton district,23300,23200,23200,24100,26400,29100,1860,1640,1460,1540,1620,1660,1910,1820,1580,1610,1660,1790,1980,1950,1840,1670,1740,1820,1730,1690,1780,1630,1650,1700,1300,1110,1120,1320,1440,1460,1360,1130,1070,1120,1600,1610,1570,1400,1180,1180,1330,2010,1760,1590,1450,1200,1390,1620,1750,1770,1610,1560,1390,1620,1530,1670,1770,1560,1710,1550,1210,1560,1690,1760,1730,1860,1100,1200,1510,1780,1830,1870,990,1110,1220,1580,1820,1880,1010,960,1110,1350,1660,1950,870,960,880,1100,1380,1680,660,760,840,840,1040,1290,440,500,610,640,700,890,190,270,330,440,430,490,90,110,140,200,260,320
Carterton district,6940,7000,7260,8490,9510,10250,500,480,490,550,510,560,610,510,520,580,640,550,580,610,510,560,640,690,510,460,500,560,570,610,330,250,270,340,380,430,380,360,290,290,400,410,440,420,410,370,410,500,530,490,490,490,490,470,570,570,520,600,560,540,510,550,590,630,670,590,410,520,580,660,680,720,330,430,560,630,740,770,300,350,440,620,700,820,330,290,320,620,700,760,220,280,260,400,630,700,200,190,230,260,380,610,110,150,150,190,220,330,60,60,80,100,140,140,20,40,40,50,60,70
South Wairarapa district,9150,8940,9120,9800,10900,11900,750,620,600,650,600,600,790,690,620,670,680,660,690,700,660,600,660,700,600,500,490,530,510,570,440,350,290,410,400,400,530,410,340,350,500,480,630,580,550,420,520,610,700,660,630,570,570,640,640,670,700,700,700,680,710,620,700,720,830,790,530,720,640,790,830,900,510,600,770,720,910,920,410,520,630,740,810,990,400,400,520,710,820,890,360,370,370,490,700,810,240,280,300,320,430,610,140,160,190,210,230,360,70,70,90,120,140,170,20,30,40,50,70,80
Tasman district,38800,42400,45800,48800,54000,59400,2890,2830,2970,2860,2570,2600,3190,3360,3230,3400,3300,3090,2990,3510,3550,3480,3750,3660,2510,2670,2980,3010,3340,3550,2260,1820,1860,1980,2220,2830,2520,2360,1940,1850,2540,2740,2850,2930,2770,2140,2540,3240,3210,3330,3370,2720,2700,3120,2950,3530,3710,3730,3300,3300,2990,3090,3860,3770,4180,3720,2260,3150,3400,3940,4160,4490,1800,2430,3350,3680,4250,4410,1590,1920,2570,3530,3970,4520,1490,1620,1950,3080,3830,4250,1370,1390,1510,2200,3070,3840,960,1180,1150,1510,2060,2890,590,770,940,1000,1220,1730,260,400,470,620,650,910,90,150,230,300,370,470
Nelson city,41200,42900,44300,48700,52700,55600,2870,2670,2600,3000,2770,2610,2970,2940,2690,3070,3230,2960,2700,3310,3100,3110,3200,3430,2740,2960,3250,3050,3110,3120,2930,2310,2420,2490,2720,2910,3060,2770,2420,2590,3240,3000,3320,3050,2840,2550,3180,3660,3240,3410,3180,2930,3030,3730,3070,3480,3530,3590,3230,3390,2920,3080,3590,3600,3830,3510,2110,2910,3170,3880,3800,3840,1850,2150,2930,3370,3950,3810,1580,1780,2130,3090,3370,3870,1610,1510,1700,2660,3050,3380,1600,1510,1450,1920,2660,2960,1220,1400,1340,1450,1810,2570,790,910,1070,1140,1220,1580,410,500,590,820,790,860,170,230,260,370,500,460
Marlborough district,39200,40700,43600,44700,48700,52200,2800,2540,2430,2800,2670,2540,3010,2900,2680,2690,2960,2820,2890,3060,2920,2580,2770,3000,2580,2580,2800,2520,2530,2650,2290,1900,2010,2010,2300,2240,2610,2170,2240,2200,2800,2890,2800,2620,2620,2280,2640,3340,3090,2980,2990,2570,2630,3350,2780,3160,3220,2910,2930,3010,2680,2890,3440,3100,3200,3170,2360,2960,3130,3440,3390,3410,2020,2550,3280,3240,3670,3580,1730,2150,2700,3230,3430,3880,1810,1790,2200,3120,3390,3510,1520,1670,1690,2310,3010,3250,1070,1360,1460,1510,2070,2680,710,790,1010,1120,1190,1670,320,460,490,690,740,800,120,170,230,350,400,430
Kaikoura district,3590,3580,3730,3640,4060,4230,270,220,200,210,220,220,290,230,240,210,230,220,280,260,260,200,200,240,230,230,210,190,170,140,180,140,190,160,210,180,240,210,200,180,250,250,240,240,230,170,240,250,290,270,270,210,230,240,270,270,270,240,230,250,240,270,290,270,270,230,210,270,310,290,260,280,170,220,290,310,330,290,180,190,210,270,350,350,170,170,160,260,300,390,150,150,150,170,240,270,100,120,120,120,160,220,50,70,90,80,70,130,30,30,30,60,50,50,10,10,10,10,30,30
Buller district,10750,9860,9940,10650,9850,9670,870,600,560,700,490,430,930,790,610,660,560,440,830,830,760,640,560,490,630,550,630,580,480,420,540,380,390,530,360,310,670,460,420,520,490,380,820,610,530,530,460,400,880,800,680,610,460,460,790,840,830,730,520,420,740,730,860,860,630,510,600,740,790,970,780,620,530,570,740,850,950,810,490,500,580,730,860,1050,460,450,480,590,800,930,380,410,390,410,590,860,270,280,310,330,390,570,190,190,210,250,270,320,70,100,110,130,150,170,30,20,60,60,50,80
Grey district,14000,13200,13550,13700,13750,14250,1150,910,880,970,800,790,1170,1080,950,880,950,830,1020,1060,1100,880,850,990,970,820,920,890,860,840,870,600,650,790,680,730,970,760,680,680,830,700,1130,930,850,660,730,950,1180,1050,970,730,660,810,1020,1090,1090,1020,740,670,940,960,1090,1030,1020,740,760,910,960,1140,1050,1080,660,700,880,990,1110,1080,530,640,670,860,960,1090,470,510,590,720,820,960,450,430,450,560,660,790,340,360,350,390,450,580,220,230,260,300,300,340,110,120,130,150,190,200,40,40,60,70,70,100
Westland district,8450,7990,8620,8570,8830,8940,690,490,520,540,480,380,670,640,510,530,490,500,620,580,630,510,490,450,560,470,510,470,420,410,500,410,430,440,420,390,600,450,510,470,660,530,700,590,570,500,550,670,720,660,650,530,530,550,600,680,740,610,490,490,600,590,770,690,620,520,520,570,630,730,710,650,370,480,610,650,750,730,310,390,480,560,660,750,290,290,370,520,540,630,280,240,230,360,470,510,190,240,190,190,310,390,130,120,170,120,140,230,70,80,70,90,80,90,20,20,30,40,50,60
Hurunui district,9620,10150,10750,12000,12950,13800,760,690,710,780,760,730,830,830,730,810,860,850,720,860,830,750,840,890,540,560,670,690,660,740,400,400,360,510,520,500,540,410,460,560,760,680,750,670,610,610,780,830,820,800,760,710,680,850,750,850,880,860,780,740,740,780,900,870,880,810,600,760,820,970,960,880,570,620,840,870,1020,1010,430,580,640,880,940,1090,450,430,560,790,850,1030,320,380,370,570,730,820,220,270,290,360,470,700,120,160,210,210,280,380,40,80,90,140,120,200,20,20,30,50,70,90
Waimakariri district,33000,37900,44100,52300,61300,69000,2570,2830,2930,3090,3410,3640,2540,3080,3360,3700,3940,4070,2390,3020,3560,3860,4240,4380,2260,2320,2970,3710,4010,4200,1800,1520,1540,2460,3060,3230,2150,1880,1670,1980,3180,3350,2650,2800,2570,2170,3160,4350,2760,3250,3570,3000,3250,3970,2600,3180,3740,4250,3740,3870,2550,2790,3500,4310,4780,4110,1960,2770,3030,4140,4710,5210,1610,2100,3020,3550,4480,5000,1330,1770,2440,3390,3850,4770,1350,1410,2040,2990,3650,4240,1100,1300,1520,2260,3210,4030,720,990,1250,1470,2160,3240,440,550,820,1080,1350,1900,190,260,370,610,770,980,90,120,150,240,390,460
Christchurch city,325700,335300,361800,356700,383800,396200,21660,20960,22370,22440,21560,21500,21510,21410,21830,20760,22150,20840,20250,22050,23130,20810,21430,22420,23940,24470,26350,24070,24230,24090,29410,26030,29720,29200,30630,29730,26810,24090,24210,24520,33070,30830,25700,26230,25740,22920,28950,34020,25090,25620,27260,22550,25310,29070,22940,25240,26920,25570,23920,25560,21960,22860,25960,24890,26230,23570,16610,21430,22940,25490,24690,25320,14080,16150,21100,22130,24500,23420,12180,13550,15770,19300,20510,23000,13020,11510,13010,15980,17350,18690,11830,11720,10800,11980,13870,15580,8630,10080,10390,9110,10290,12130,5910,6600,7950,7620,7200,8270,2970,3630,4280,4850,4980,4960,1210,1660,2090,2550,2930,3200
Selwyn district,25500,28300,34900,46700,63300,81300,1880,2000,2480,3200,4170,5260,2020,2260,2600,3740,4830,5810,1900,2330,2810,3520,4850,5870,2110,2200,2750,3570,4220,5680,2020,1650,1930,2850,3650,4220,1750,1600,1590,2160,3780,4460,2110,2100,2260,2340,4220,5880,2280,2500,2970,3110,4210,6560,1970,2450,3230,4090,4580,5750,1900,2150,2880,3930,5240,5630,1480,2050,2410,3620,4640,5880,1220,1500,2280,3020,4210,5110,810,1160,1590,2540,3460,4690,720,810,1260,2040,2860,3910,570,660,760,1360,2070,2920,350,450,580,800,1260,1930,230,260,330,490,630,1040,110,120,160,240,320,460,30,40,60,100,130,230
Ashburton district,25700,26000,28000,32300,34600,36800,1760,1620,1790,2420,2300,2150,1940,1870,1890,2200,2440,2380,1810,1980,2060,2110,2220,2430,1590,1580,1850,1910,1970,2100,1420,1140,1340,1810,1910,1930,1580,1410,1430,1960,2460,2480,1880,1660,1760,2000,2420,3050,1920,2010,1990,2010,2130,2570,1960,1990,2160,2270,2060,2160,1860,1910,2040,2210,2250,2030,1390,1850,1930,2210,2190,2270,1360,1410,1810,2000,2190,2160,1210,1370,1400,1910,1990,2130,1220,1170,1360,1580,1820,1930,1070,1100,1090,1290,1500,1760,820,900,970,960,1200,1440,530,590,650,800,760,1000,250,320,350,470,530,510,100,150,180,200,270,300
Timaru district,43500,42800,43800,45400,47600,48900,2950,2620,2380,2690,2620,2460,3210,3040,2760,2690,2930,2860,3100,3280,3200,2920,2880,3110,2880,2730,3070,2920,2780,2680,2440,1890,1880,2290,2360,2220,2670,2230,1890,2120,2920,2790,3010,2690,2450,2100,2620,3300,3300,3070,2910,2420,2430,2920,3140,3250,3300,3000,2660,2690,3110,3040,3350,3280,3150,2740,2340,3030,3160,3550,3330,3160,2140,2330,3110,3170,3570,3320,2120,2110,2350,3140,3130,3510,2190,2020,2130,2670,3090,3070,1930,1960,1910,2210,2560,2960,1350,1640,1760,1680,1940,2230,960,1030,1270,1360,1360,1530,450,590,640,840,830,890,170,260,310,400,470,470
Mackenzie district,4170,3790,3900,4300,5100,5690,330,230,240,290,280,310,340,270,260,280,280,280,290,280,260,290,280,280,290,220,260,210,290,260,300,180,210,220,300,350,330,250,190,230,470,450,330,260,240,260,380,540,340,310,280,250,290,400,330,310,310,340,290,310,280,300,330,320,350,290,250,260,320,330,360,390,210,240,270,310,370,390,170,220,240,290,340,420,170,170,190,250,330,360,90,150,140,170,210,310,70,60,90,130,140,170,30,40,40,80,90,100,10,20,30,40,40,50,10,10,10,20,20,20
Waimate district,7780,7220,7380,7810,8120,8400,590,440,410,480,430,420,640,570,500,500,470,460,590,570,590,450,480,460,490,420,450,510,420,420,340,230,220,350,360,330,370,320,270,290,460,420,530,390,380,320,420,540,580,510,450,420,440,520,580,560,540,540,460,450,550,520,590,520,520,440,470,520,510,620,600,580,470,460,540,570,650,660,380,460,470,530,580,650,380,360,490,560,550,590,320,340,330,450,510,510,230,250,290,290,380,420,170,160,170,210,200,310,90,100,100,140,120,130,30,50,50,70,70,90
Chatham Islands territory,760,750,650,600,690,730,80,60,55,40,35,40,60,70,50,55,40,30,60,50,40,30,35,45,40,50,30,25,30,35,55,35,35,40,45,40,70,60,30,30,60,60,70,80,60,30,45,70,65,60,75,40,40,45,55,60,50,50,35,40,65,45,50,45,60,40,50,65,45,65,45,60,35,35,40,45,65,40,15,30,30,40,55,65,15,15,25,15,40,50,15,10,15,25,15,35,5,10,10,15,20,10,5,5,5,10,10,15,0,5,0,5,5,5,0,0,0,0,5,0
Waitaki district,22000,20500,20700,21400,22900,24300,1490,1190,1130,1280,1240,1090,1580,1360,1300,1320,1450,1400,1580,1530,1440,1360,1460,1550,1460,1250,1270,1230,1300,1390,1140,730,670,920,1020,1130,1190,940,770,930,1260,1360,1490,1110,1110,960,1200,1560,1680,1420,1200,1170,1190,1450,1580,1550,1550,1280,1290,1380,1420,1530,1640,1500,1380,1340,1310,1410,1580,1670,1590,1500,1240,1310,1470,1560,1760,1650,1110,1220,1360,1550,1620,1840,1130,1100,1210,1440,1570,1650,990,1010,1010,1200,1320,1500,750,830,840,810,1020,1150,510,550,630,650,610,790,250,320,330,420,380,380,100,130,140,170,250,240
Central Otago district,15250,14750,17050,18500,22200,26000,1070,830,1010,1120,1150,1300,1130,1010,1000,1110,1270,1350,1120,1080,1120,1160,1250,1400,960,850,1050,890,1070,1110,760,550,700,670,860,960,890,640,730,760,1310,1460,1040,780,990,920,1320,1890,1160,1030,1070,1010,1270,1800,1170,1170,1280,1250,1260,1510,1160,1130,1390,1250,1480,1490,880,1170,1320,1440,1530,1830,820,960,1390,1490,1730,1780,780,930,1030,1530,1750,1990,800,820,950,1370,1700,1930,650,720,760,1010,1380,1660,380,540,590,690,880,1250,290,300,400,460,540,750,130,150,200,260,320,370,50,70,90,110,160,220
Queenstown-Lakes district,14800,17850,24100,29700,42500,52800,1000,1170,1370,2160,2200,2590,890,1070,1310,1760,2490,2530,750,990,1220,1530,2060,2690,840,980,1120,1320,1660,2180,1390,1430,1910,1780,3020,2950,1650,1650,2750,2660,5860,5840,1550,1850,2650,2920,4930,7450,1400,1580,2270,2610,3580,5620,1050,1490,1950,2550,3030,3790,950,1180,1780,2120,2930,3320,700,1100,1370,1970,2310,3100,670,840,1380,1640,2180,2500,540,780,980,1490,1890,2440,570,570,750,1290,1620,2070,380,510,470,850,1220,1560,250,330,410,460,740,1140,160,190,230,350,410,620,60,110,120,150,220,290,20,40,70,100,110,120
Dunedin city,120800,119300,122300,123500,131200,134600,7550,6640,6370,6690,6250,5850,7780,7180,6640,6550,7030,6580,7510,7720,7300,6800,6980,7450,11010,11860,11910,12200,11890,12380,13960,12810,14780,14340,15240,14040,8760,7400,7170,6970,8680,8350,8860,7830,7260,6510,7650,8720,8880,8510,7890,6630,7110,8030,8090,8540,8450,7940,7150,7600,7750,7900,8580,7910,8360,7310,5610,7320,7670,8560,8180,8410,5070,5350,7000,7650,8610,7880,4320,4750,5080,6560,7390,8300,4560,4010,4470,5520,6300,7080,4040,4000,3680,4230,5180,6030,3070,3290,3440,3250,3750,4680,2200,2280,2570,2660,2610,3090,1230,1240,1440,1750,1770,1810,510,650,650,840,1060,1050
Clutha district,18400,17550,17200,17250,18050,18900,1510,1240,1210,1150,1080,1140,1460,1460,1290,1150,1160,1130,1380,1330,1410,1290,1170,1150,1330,1170,1120,1090,1090,1040,1080,780,730,880,920,940,1180,1010,820,810,1010,1110,1460,1130,1140,820,1060,1230,1530,1390,1170,1040,990,1180,1360,1480,1380,1360,1140,1070,1300,1310,1360,1270,1340,1190,1020,1240,1210,1360,1320,1320,910,980,1160,1250,1370,1310,750,800,900,1050,1240,1380,750,670,690,940,1000,1190,590,640,580,660,850,950,390,460,490,450,570,730,260,260,330,360,350,460,120,140,140,200,220,220,50,70,80,90,140,160
Southland district,31200,29400,29200,30300,31900,33000,2520,1980,2080,2230,2100,1870,2630,2370,2120,2280,2320,2220,2680,2480,2350,2190,2220,2300,2270,1990,1940,1890,1890,1900,1680,1420,1420,1560,1600,1560,1980,1640,1580,1750,2070,1900,2540,1980,1920,1790,2110,2310,2610,2460,2140,1980,2030,2290,2420,2480,2430,2200,2020,2160,2230,2250,2360,2190,2190,1990,1790,2050,2120,2370,2150,2200,1540,1650,1920,2040,2350,2170,1240,1410,1420,1730,2070,2310,1100,1100,1220,1490,1660,2030,850,900,890,1100,1340,1520,550,650,640,730,890,1120,350,350,400,480,490,650,150,170,190,220,270,280,60,60,70,90,100,200
Gore district,13500,12750,12400,12400,12800,13050,1040,850,790,810,710,670,1140,980,810,840,830,730,1050,1050,990,830,890,850,920,880,890,840,740,790,800,610,570,680,680,630,850,740,560,560,780,750,1070,820,710,600,670,880,1090,980,800,660,660,780,980,1030,990,750,710,680,850,890,1000,910,810,730,670,800,840,1010,940,810,610,610,760,870,1000,970,600,580,600,700,840,960,560,560,560,660,680,820,500,490,500,540,620,640,370,410,430,460,480,570,240,270,320,360,370,400,130,140,190,210,250,230,50,60,90,110,140,160
Invercargill city,54200,51100,51600,53200,55900,57900,4040,3610,3330,3660,3360,3120,4210,3730,3430,3510,3740,3550,4240,4000,3690,3450,3680,3920,4030,3820,3790,3470,3480,3680,3730,2920,3410,3560,3350,3360,3940,3120,3100,3300,3780,3540,4370,3470,3230,3130,3710,4000,4380,3970,3540,3300,3470,3980,3840,4010,3970,3520,3500,3680,3550,3490,3880,3630,3580,3630,2670,3220,3380,3860,3630,3500,2430,2440,3030,3450,3840,3550,2070,2290,2350,2930,3280,3720,2130,1840,2100,2510,2810,3140,1750,1850,1730,1950,2280,2680,1330,1470,1570,1600,1720,2050,920,1010,1110,1230,1320,1420,430,580,620,770,860,900,190,260,330,400,480,490
Area outside territorial authority,240,150,180,50,40,40,10,5,5,0,0,0,5,5,0,0,0,0,5,5,0,0,0,0,10,5,5,0,0,0,10,20,15,0,5,0,30,10,15,0,0,5,40,20,20,5,5,0,25,10,10,5,5,5,20,10,10,5,5,5,15,15,10,5,5,5,20,10,25,5,0,5,25,15,25,5,5,0,5,10,15,5,0,5,5,5,5,10,5,0,10,5,10,0,5,5,0,0,5,0,0,5,0,0,0,0,0,0,0,0,0,0,0,0,0,0,0,0,0,0